Brand	Location	Time the brand is at screen	Duration	Screen Location	Screen Size %	Total Hits	Average Hits	Sequence Frame Number
Gillette	Stumps - Venus	01:00:26	4	E	1.018	16	4	3626
Gillette	Playing Kit - Shirt Front - Venus	01:00:31	3	E	0.995	3	1	3631
Gillette	Playing Kit - Shirt Front - Venus	01:00:51	2	A	0.995	2	1	3651
Dream11	Playing Kit - Arm	01:01:03	4	A	0.805	4	1	3663
Dream11	Virtual Grass Sign - End of Wicket	01:01:08	13	A	0.401	26	2	3668
Gillette	Virtual Grass Sign - End of Wicket - Gillette Venus	01:01:08	13	A	0.371	13	1	3668
KFC	Virtual Grass Sign - End of Wicket	01:01:08	13	A	0.967	13	1	3668
GJ Gardner	Umpire Jersey Front	01:01:21	2	A	0.962	2	1	3681
GJ Gardner	Umpire Jersey Front - Homes	01:01:21	2	A	0.381	2	1	3681
KFC	Virtual Grass Sign - End of Wicket	01:01:23	2	E	2.106	2	1	3683
Dream11	Virtual Grass Sign - End of Wicket	01:01:23	4	B	1.714	8	2	3683
Gillette	Virtual Grass Sign - End of Wicket - Gillette Venus	01:01:23	4	C	1.658	4	1	3683
Dream11	Static Board - End of Wicket Signage	01:01:28	7	B	1.007	35	5	3688
Dream11	Virtual Grass Sign - End of Wicket	01:01:28	7	A	1.714	14	2	3688
Gillette	Static Board - End of Wicket Signage	01:01:28	7	C	0.979	7	1	3688
Gillette	Static Board - End of Wicket Signage - With Exfoliating Lab	01:01:28	7	C	0.619	7	1	3688
Gillette	Virtual Grass Sign - End of Wicket - Gillette Venus	01:01:28	7	A	1.658	7	1	3688
KFC	Static Board - End of Wicket Signage	01:01:28	7	C	1.007	7	1	3688
GJ Gardner	Umpire Jersey Front	01:01:35	1	A	0.962	1	1	3695
GJ Gardner	Umpire Jersey Front - Homes	01:01:35	1	A	0.381	1	1	3695
GJ Gardner	Umpire Jersey Back	01:01:36	1	A	0.962	1	1	3696
Gillette	Static Board - End of Wicket Signage	01:01:37	1	D	5.388	1	1	3697
Gillette	Static Board - End of Wicket Signage - With Exfoliating Lab	01:01:37	1	E	3.087	1	1	3697
Dream11	Playing Kit - Arm	01:01:39	3	A	0.805	3	1	3699
Dream11	Playing Kit - Shirt Front - Series Logo	01:01:41	1	A	0.457	1	1	3701
Gillette	Playing Kit - Shirt Front - Venus	01:01:37	5	A	0.995	7	1.400	3697
KFC	Playing Kit - Shirt Front - Series Logo	01:01:41	1	A	0.410	1	1	3701
Dream11	Virtual Grass Sign - End of Wicket	01:01:51	2	A	0.401	4	2	3711
Gillette	Virtual Grass Sign - End of Wicket - Gillette Venus	01:01:51	2	A	0.371	2	1	3711
KFC	Virtual Grass Sign - End of Wicket	01:01:51	2	A	0.967	2	1	3711
Dream11	Playing Kit - Arm	01:01:53	3	A	0.805	3	1	3713
Dream11	Playing Kit - Shirt Front - Series Logo	01:01:53	3	A	0.457	3	1	3713
Gillette	Playing Kit - Shirt Front - Venus	01:01:53	3	A	0.995	3	1	3713
GJ Gardner	Umpire Jersey Front	01:01:55	1	E	0.962	1	1	3715
GJ Gardner	Umpire Jersey Front - Homes	01:01:55	1	E	0.381	1	1	3715
KFC	Playing Kit - Shirt Front - Series Logo	01:01:53	3	A	0.410	3	1	3713
Dream11	Static Board - End of Wicket Signage	01:01:59	10	B	1.007	50	5	3719
Dream11	Virtual Grass Sign - End of Wicket	01:01:56	13	B	1.714	23	1.769	3716
Gillette	Static Board - End of Wicket Signage	01:01:59	10	C	0.639	10	1	3719
Gillette	Virtual Grass Sign - End of Wicket - Gillette Venus	01:01:56	13	C	1.658	13	1	3716
GJ Gardner	Static Board	01:02:01	8	C	1.265	16	2	3721
GJ Gardner	Static Board - Homes	01:02:01	8	C	0.792	16	2	3721
KFC	Static Board - End of Wicket Signage	01:01:59	10	C	1.007	10	1	3719
KFC	Virtual Grass Sign - End of Wicket	01:02:01	8	E	2.106	8	1	3721
Dream11	Playing Kit - Arm	01:02:14	4	A	0.805	8	2	3734
Gillette	Playing Kit - Shirt Front - Venus	01:02:14	5	A	0.995	5	1	3734
GJ Gardner	Umpire Jersey Front	01:02:18	1	E	0.962	1	1	3738
GJ Gardner	Umpire Jersey Front - Homes	01:02:18	1	E	0.381	1	1	3738
KFC	Virtual Grass Sign - End of Wicket	01:02:18	1	A	22.769	1	1	3738
GJ Gardner	Umpire Jersey Back	01:02:20	1	E	0.962	1	1	3740
Dream11	Static Board - End of Wicket Signage	01:02:22	4	B	1.007	20	5	3742
Dream11	Virtual Grass Sign - End of Wicket	01:02:19	7	B	1.714	11	1.571	3739
Gillette	Static Board - End of Wicket Signage	01:02:22	4	C	0.639	4	1	3742
Gillette	Virtual Grass Sign - End of Wicket - Gillette Venus	01:02:19	7	C	1.658	7	1	3739
GJ Gardner	Static Board	01:02:22	4	C	1.204	4	1	3742
KFC	Static Board - End of Wicket Signage	01:02:22	4	C	1.007	4	1	3742
KFC	Virtual Grass Sign - End of Wicket	01:02:22	4	E	2.106	4	1	3742
Dream11	Playing Kit - Arm	01:02:26	5	A	0.805	5	1	3746
Dream11	Playing Kit - Shirt Front - Series Logo	01:02:26	5	A	0.457	5	1	3746
Gillette	Playing Kit - Shirt Front - Venus	01:02:26	5	A	0.995	5	1	3746
KFC	Playing Kit - Shirt Front - Series Logo	01:02:26	5	A	0.410	5	1	3746
Dream11	Virtual Grass Sign - End of Wicket	01:02:32	2	B	6.336	2	1	3752
Gillette	Virtual Grass Sign - End of Wicket - Gillette Venus	01:02:32	2	C	5.871	2	1	3752
Dream11	Boundary Rope	01:02:42	1	C	0.905	8	8	3762
Ford	Boundary Rope	01:02:42	1	B	0.979	7	7	3762
KFC	Boundary Rope	01:02:42	1	B	0.974	6	6	3762
Dream11	Static Board - End of Wicket Signage	01:02:46	2	A	1.007	10	5	3766
Dream11	Virtual Grass Sign - End of Wicket	01:02:45	3	B	1.714	5	1.667	3765
Gillette	Static Board - End of Wicket Signage	01:02:47	1	A	0.639	1	1	3767
Gillette	Virtual Grass Sign - End of Wicket - Gillette Venus	01:02:45	3	C	1.658	3	1	3765
GJ Gardner	Static Board	01:02:47	2	D	1.265	4	2	3767
GJ Gardner	Static Board - Homes	01:02:48	1	C	0.792	2	2	3768
KFC	Static Board - End of Wicket Signage	01:02:46	3	A	1.673	3	1	3766
Dream11	Playing Kit - Arm	01:02:50	1	A	0.805	1	1	3770
Dream11	Playing Kit - Arm	01:02:52	3	A	0.805	3	1	3772
Gillette	Playing Kit - Shirt Front - Venus	01:02:51	4	A	0.995	4	1	3771
Dream11	Playing Kit - Arm	01:02:56	2	E	0.805	2	1	3776
Dream11	Virtual Grass Sign - End of Wicket	01:03:00	1	C	14.314	1	1	3780
Gillette	Playing Kit - Shirt Front - Venus	01:03:00	1	A	0.995	1	1	3780
GJ Gardner	Umpire Jersey Front	01:03:00	1	B	0.962	1	1	3780
GJ Gardner	Umpire Jersey Front - Homes	01:03:00	1	B	0.381	1	1	3780
Dream11	Virtual Grass Sign - End of Wicket	01:03:03	1	A	2.423	1	1	3783
Dream11	Static Board - End of Wicket Signage	01:03:03	2	B	4.577	10	5	3783
KFC	Virtual Grass Sign - End of Wicket	01:03:03	2	A	2.106	2	1	3783
GJ Gardner	Static Board	01:03:04	2	B	1.265	2	1	3784
KFC	Static Board - End of Wicket Signage	01:03:05	1	C	2.761	1	1	3785
Dream11	Boundary Rope	01:03:06	1	C	0.905	8	8	3786
Ford	Boundary Rope	01:03:06	1	B	0.979	7	7	3786
KFC	Boundary Rope	01:03:06	1	B	0.974	6	6	3786
Oral B	Static Board	01:03:04	3	A	3.263	12	4	3784
Gillette	Playing Kit - Shirt Front - Venus	01:03:08	3	A	0.995	3	1	3788
Dream11	Playing Kit - Arm	01:03:10	3	A	0.805	9	4	3790
Gillette	Playing Kit - Shirt Front - Venus	01:03:12	2	A	0.995	2	1	3792
KFC	TVGI Series Logo	01:03:22	5	A	17.677	5	1	3802
Dream11	Playing Kit - Shirt Front - Series Logo	01:03:58	1	B	0.457	1	1	3838
KFC	Playing Kit - Shirt Front - Series Logo	01:03:58	1	B	0.410	1	1	3838
Gillette	Playing Kit - Shirt Front - Venus	01:03:57	3	B	0.995	3	1	3837
Dream11	Playing Kit - Shirt Front - Series Logo	01:04:14	1	B	0.457	1	1	3854
KFC	Playing Kit - Shirt Front - Series Logo	01:04:14	1	B	0.410	1	1	3854
Gillette	Playing Kit - Shirt Front - Venus	01:04:14	2	E	0.995	2	1	3854
Dream11	Playing Kit - Arm	01:04:14	3	A	0.805	3	1	3854
Dream11	Playing Kit - Arm	01:04:18	1	A	0.805	1	1	3858
Dream11	Playing Kit - Shirt Front - Series Logo	01:04:18	4	A	0.457	4	1	3858
Gillette	Playing Kit - Shirt Front - Venus	01:04:18	4	A	0.995	4	1	3858
GJ Gardner	Umpire Jersey Front	01:04:21	1	E	0.962	1	1	3861
GJ Gardner	Umpire Jersey Front - Homes	01:04:21	1	E	0.381	1	1	3861
KFC	Playing Kit - Shirt Front - Series Logo	01:04:18	4	A	0.410	4	1	3858
KFC	Virtual Grass Sign - End of Wicket	01:04:18	4	A	23.950	4	1	3858
Dream11	Virtual Grass Sign - End of Wicket	01:04:22	2	B	4.384	2	1	3862
Gillette	Virtual Grass Sign - End of Wicket - Gillette Venus	01:04:22	2	C	4.318	2	1	3862
GJ Gardner	Static Board	01:04:24	1	B	1.265	1	1	3864
Oral B	Static Board	01:04:24	1	B	1.103	2	2	3864
Dream11	Boundary Rope	01:04:26	3	A	0.905	20	6.667	3866
Ford	Boundary Rope	01:04:26	3	A	0.979	18	4	3866
KFC	Boundary Rope	01:04:26	3	A	0.974	15	3	3866
Dream11	Playing Kit - Arm	01:04:35	4	A	0.805	4	1	3875
Dream11	Playing Kit - Shirt Front - Series Logo	01:04:35	4	A	0.457	4	1	3875
Gillette	Playing Kit - Shirt Front - Venus	01:04:33	6	D	0.995	6	1	3873
KFC	Playing Kit - Shirt Front - Series Logo	01:04:35	4	A	0.410	4	1	3875
Dream11	Playing Kit - Arm	01:04:48	2	A	0.805	2	1	3888
Dream11	Playing Kit - Shirt Front - Series Logo	01:04:49	1	A	0.457	1	1	3889
Gillette	Playing Kit - Shirt Front - Venus	01:04:49	1	A	0.995	1	1	3889
KFC	Playing Kit - Shirt Front - Series Logo	01:04:49	1	A	0.410	1	1	3889
Dream11	Playing Kit - Arm	01:04:52	2	A	0.805	2	1	3892
Dream11	Playing Kit - Shirt Front - Series Logo	01:04:51	3	A	0.457	3	1	3891
Gillette	Playing Kit - Shirt Front - Venus	01:04:51	3	A	0.995	3	1	3891
KFC	Playing Kit - Shirt Front - Series Logo	01:04:51	3	A	0.410	3	1	3891
KFC	Virtual Grass Sign - End of Wicket	01:04:51	4	A	22.760	4	1	3891
Dream11	Virtual Grass Sign - End of Wicket	01:04:55	2	B	1.714	2	1	3895
Gillette	Virtual Grass Sign - End of Wicket - Gillette Venus	01:04:55	2	C	1.658	2	1	3895
Dream11	Static Board - End of Wicket Signage	01:04:58	3	B	1.007	13	4.333	3898
Dream11	Virtual Grass Sign - End of Wicket	01:04:58	3	A	1.714	5	1.667	3898
Gillette	Virtual Grass Sign - End of Wicket - Gillette Venus	01:04:58	3	A	1.658	3	1	3898
GJ Gardner	Static Board	01:04:59	2	B	1.265	2	1	3899
KFC	Static Board - End of Wicket Signage	01:04:58	3	B	1.007	4	1.333	3898
KFC	Virtual Grass Sign - End of Wicket	01:04:59	2	D	2.106	2	1	3899
Oral B	Static Board	01:04:59	2	B	1.103	4	2	3899
GJ Gardner	Umpire Jersey Back	01:05:05	1	A	0.962	1	1	3905
Dream11	Playing Kit - Arm	01:05:08	3	A	0.805	4	1.333	3908
Dream11	Boundary Rope	01:05:21	2	A	0.905	16	8	3921
Ford	Boundary Rope	01:05:21	2	A	0.979	14	7	3921
KFC	Boundary Rope	01:05:21	2	A	0.974	12	6	3921
Dream11	Static Board - End of Wicket Signage	01:05:26	5	C	1.007	25	5	3926
Dream11	Virtual Grass Sign - End of Wicket	01:05:24	7	B	1.714	12	1.714	3924
Gillette	Static Board - End of Wicket Signage	01:05:27	4	C	0.639	4	1	3927
Gillette	Virtual Grass Sign - End of Wicket - Gillette Venus	01:05:24	7	C	1.658	7	1	3924
GJ Gardner	Static Board	01:05:28	3	C	1.265	3	1	3928
KFC	Static Board - End of Wicket Signage	01:05:26	5	C	1.007	5	1	3926
KFC	Virtual Grass Sign - End of Wicket	01:05:30	1	E	2.106	1	1	3930
Dream11	Playing Kit - Shirt Front - Series Logo	01:05:31	1	A	0.457	1	1	3931
Gillette	Playing Kit - Shirt Front - Venus	01:05:31	1	A	0.995	1	1	3931
KFC	Playing Kit - Shirt Front - Series Logo	01:05:31	1	A	0.410	1	1	3931
Dream11	Playing Kit - Arm	01:05:31	3	A	0.805	3	1	3931
Gillette	Playing Kit - Shirt Front - Venus	01:05:34	1	E	0.995	1	1	3934
Dream11	Playing Kit - Shirt Front - Series Logo	01:05:47	1	A	0.457	1	1	3947
KFC	Playing Kit - Shirt Front - Series Logo	01:05:47	1	A	0.410	1	1	3947
Gillette	Playing Kit - Shirt Front - Venus	01:05:47	2	A	0.995	2	1	3947
KFC	Virtual Grass Sign - End of Wicket	01:05:48	1	A	41.856	1	1	3948
Dream11	Static Board - End of Wicket Signage	01:05:52	2	C	1.007	8	5	3952
Gillette	Static Board - End of Wicket Signage	01:05:53	1	C	0.639	1	1	3953
KFC	Static Board - End of Wicket Signage	01:05:53	1	C	1.007	1	1	3953
KFC	Virtual Grass Sign - End of Wicket	01:05:53	1	E	2.106	1	1	3953
Dream11	Virtual Grass Sign - End of Wicket	01:05:49	6	B	1.714	6	1	3949
Gillette	Virtual Grass Sign - End of Wicket - Gillette Venus	01:05:49	6	C	1.658	6	1	3949
Dream11	Static Board - End of Wicket Signage	01:05:56	2	C	1.007	10	5	3956
Dream11	Virtual Grass Sign - End of Wicket	01:05:56	2	A	1.714	4	2	3956
Gillette	Static Board - End of Wicket Signage	01:05:56	2	C	0.639	2	1	3956
Gillette	Virtual Grass Sign - End of Wicket - Gillette Venus	01:05:56	2	A	1.658	2	1	3956
GJ Gardner	Static Board	01:05:57	1	C	1.153	1	1	3957
KFC	Static Board - End of Wicket Signage	01:05:56	2	C	1.007	2	1	3956
KFC	Virtual Grass Sign - End of Wicket	01:05:56	2	E	2.106	2	1	3956
Oral B	Static Board	01:06:01	1	E	0.906	1	1	3961
Dream11	Static Board - End of Wicket Signage	01:06:01	2	A	1.007	10	5	3961
Dream11	Virtual Grass Sign - End of Wicket	01:05:59	4	B	1.714	6	1.500	3959
Gillette	Static Board - End of Wicket Signage	01:06:01	2	D	0.639	2	1	3961
Gillette	Virtual Grass Sign - End of Wicket - Gillette Venus	01:05:59	4	C	1.658	4	1	3959
KFC	Static Board - End of Wicket Signage	01:06:01	2	A	1.007	2	1	3961
KFC	Virtual Grass Sign - End of Wicket	01:06:02	1	E	2.106	1	1	3962
Gillette	Playing Kit - Shirt Front - Venus	01:06:05	1	A	0.995	1	1	3965
Dream11	Playing Kit - Arm	01:06:11	3	C	0.805	3	1	3971
Dream11	Playing Kit - Arm	01:06:16	6	A	0.805	6	1	3976
Dream11	Virtual Grass Sign - End of Wicket	01:06:22	6	E	0.401	12	2	3982
Gillette	Virtual Grass Sign - End of Wicket - Gillette Venus	01:06:22	6	E	0.371	6	1	3982
KFC	Virtual Grass Sign - End of Wicket	01:06:22	6	E	0.967	6	1	3982
Dream11	Playing Kit - Shirt Front - Series Logo	01:06:28	2	A	0.457	2	1	3988
Gillette	Playing Kit - Shirt Front - Venus	01:06:28	2	A	0.995	2	1	3988
GJ Gardner	Umpire Jersey Front	01:06:28	2	B	0.962	2	1	3988
GJ Gardner	Umpire Jersey Front - Homes	01:06:28	2	B	0.381	2	1	3988
KFC	Playing Kit - Shirt Front - Series Logo	01:06:28	2	A	0.410	2	1	3988
Dream11	Playing Kit - Arm	01:06:28	3	A	0.805	5	1.667	3988
Gillette	Virtual Grass Sign - End of Wicket - Gillette Venus	01:06:31	1	C	1.658	1	1	3991
Dream11	Virtual Grass Sign - End of Wicket	01:06:31	3	B	6.235	3	1	3991
KFC	Virtual Grass Sign - End of Wicket	01:06:32	2	A	6.863	2	1	3992
GJ Gardner	Static Board	01:06:34	1	B	1.265	1	1	3994
GJ Gardner	Static Board - Homes	01:06:34	1	B	0.792	1	1	3994
KFC	Static Board - End of Wicket Signage	01:06:34	1	C	1.007	3	3	3994
Oral B	Static Board	01:06:34	1	B	1.103	3	3	3994
Dream11	Boundary Rope	01:06:39	3	A	0.905	24	8	3999
Ford	Boundary Rope	01:06:39	3	A	0.979	21	7	3999
KFC	Boundary Rope	01:06:39	3	A	0.974	18	6	3999
Dream11	Boundary Rope	01:06:58	1	D	0.905	8	8	4018
Ford	Boundary Rope	01:06:58	1	E	0.979	7	7	4018
KFC	Boundary Rope	01:06:58	1	E	0.974	6	6	4018
Dream11	Playing Kit - Arm	01:07:09	8	A	0.805	16	2	4029
Dream11	Playing Kit - Shirt Front - Series Logo	01:07:09	8	A	0.457	8	1	4029
Gillette	Playing Kit - Shirt Front - Venus	01:07:09	8	D	0.995	8	1	4029
GJ Gardner	Umpire Jersey Front	01:07:07	10	A	0.962	10	1	4027
GJ Gardner	Umpire Jersey Front - Homes	01:07:07	10	A	0.381	10	1	4027
KFC	Playing Kit - Shirt Front - Series Logo	01:07:09	8	A	0.410	8	1	4029
Dream11	Virtual Grass Sign - End of Wicket	01:07:17	4	B	6.336	4	1	4037
Gillette	Virtual Grass Sign - End of Wicket - Gillette Venus	01:07:17	4	C	5.871	4	1	4037
GJ Gardner	Static Board	01:07:21	1	A	1.265	2	2	4041
Dream11	Boundary Rope	01:07:23	4	C	0.905	32	8	4043
Ford	Boundary Rope	01:07:23	4	C	0.979	28	7	4043
KFC	Boundary Rope	01:07:23	4	B	0.974	24	6	4043
Gillette	Playing Kit - Shirt Front - Venus	01:07:35	1	A	0.995	1	1	4055
GJ Gardner	Umpire Jersey Front	01:07:35	2	B	0.962	2	1	4055
GJ Gardner	Umpire Jersey Front - Homes	01:07:35	2	B	0.381	2	1	4055
Dream11	Virtual Grass Sign - End of Wicket	01:07:38	1	A	5.592	1	1	4058
Dream11	Boundary Rope	01:07:42	2	A	0.905	16	8	4062
Ford	Boundary Rope	01:07:42	2	A	0.979	14	7	4062
KFC	Boundary Rope	01:07:42	2	A	0.974	12	6	4062
Dream11	Playing Kit - Arm	01:07:50	7	A	0.805	7	1	4070
Dream11	Virtual Grass Sign - End of Wicket	01:07:57	4	C	2.423	4	1	4077
KFC	Virtual Grass Sign - End of Wicket	01:07:57	4	B	2.106	4	1	4077
Gillette	Virtual Grass Sign - End of Wicket - Gillette Venus	01:08:08	6	E	12.765	6	1	4088
Dream11	Playing Kit - Shirt Front - Series Logo	01:08:15	2	A	0.457	2	1	4095
KFC	Playing Kit - Shirt Front - Series Logo	01:08:15	2	A	0.410	2	1	4095
GJ Gardner	Umpire Jersey Front	01:08:19	1	C	0.962	1	1	4099
GJ Gardner	Umpire Jersey Front - Homes	01:08:19	1	C	0.381	1	1	4099
Dream11	Playing Kit - Arm	01:08:14	12	A	0.805	19	1.583	4094
Dream11	Playing Kit - Shirt Front - Series Logo	01:08:19	7	A	0.457	7	1	4099
Gillette	Playing Kit - Shirt Front - Venus	01:08:15	11	A	0.995	11	1	4095
KFC	Playing Kit - Shirt Front - Series Logo	01:08:19	7	A	0.410	7	1	4099
Dream11	Virtual Grass Sign - End of Wicket	01:08:26	6	C	14.314	6	1	4106
KFC	Virtual Grass Sign - End of Wicket	01:08:26	6	B	13.780	6	1	4106
Dream11	Playing Kit - Shirt Front - Series Logo	01:08:32	1	A	0.457	1	1	4112
Gillette	Playing Kit - Shirt Front - Venus	01:08:32	1	A	0.995	1	1	4112
KFC	Playing Kit - Shirt Front - Series Logo	01:08:32	1	A	0.410	1	1	4112
GJ Gardner	Umpire Jersey Front	01:08:36	2	C	0.962	2	1	4116
GJ Gardner	Umpire Jersey Front - Homes	01:08:36	2	D	0.381	2	1	4116
Dream11	Virtual Grass Sign - End of Wicket	01:08:38	23	B	0.401	46	2	4118
Gillette	Virtual Grass Sign - End of Wicket - Gillette Venus	01:08:38	23	E	0.688	23	1	4118
GJ Gardner	Static Board	01:08:46	15	C	0.835	30	2	4126
KFC	Virtual Grass Sign - End of Wicket	01:08:38	23	B	0.683	23	1	4118
Oral B	Static Board	01:08:46	15	A	0.422	75	5	4126
Dream11	Virtual Grass Sign - End of Wicket	01:09:20	7	C	11.866	7	1	4160
KFC	Virtual Grass Sign - End of Wicket	01:09:20	7	B	13.780	7	1	4160
GJ Gardner	Static Board	01:09:27	1	B	1.265	1	1	4167
GJ Gardner	Static Board - Homes	01:09:27	1	B	0.792	1	1	4167
Dream11	Boundary Rope	01:09:29	9	A	0.905	72	8	4169
Ford	Boundary Rope	01:09:29	9	A	0.979	63	7	4169
KFC	Boundary Rope	01:09:29	9	A	0.974	54	6	4169
Dream11	Virtual Grass Sign - End of Wicket	01:09:44	4	C	5.338	4	1	4184
KFC	Virtual Grass Sign - End of Wicket	01:09:44	4	B	8.951	4	1	4184
Dream11	Boundary Rope	01:09:48	8	A	0.905	64	8	4188
Ford	Boundary Rope	01:09:48	8	A	0.979	56	7	4188
KFC	Boundary Rope	01:09:48	8	A	0.974	48	6	4188
Dream11	Playing Kit - Arm	01:09:56	6	A	0.805	12	2	4196
Dream11	Playing Kit - Shirt Front - Series Logo	01:09:58	4	A	0.457	4	1	4198
Gillette	Playing Kit - Shirt Front - Venus	01:09:56	6	A	0.995	6	1	4196
KFC	Playing Kit - Shirt Front - Series Logo	01:09:58	4	A	0.410	4	1	4198
Dream11	Virtual Grass Sign - End of Wicket	01:10:02	4	C	2.423	4	1	4202
KFC	Virtual Grass Sign - End of Wicket	01:10:02	4	B	2.106	4	1	4202
Dream11	Playing Kit - Arm	01:10:11	2	A	0.805	2	1	4211
Dream11	Playing Kit - Arm	01:10:15	2	A	0.805	2	1	4215
Dream11	Playing Kit - Shirt Front - Series Logo	01:10:16	1	A	0.457	1	1	4216
Gillette	Playing Kit - Shirt Front - Venus	01:10:14	3	A	0.995	3	1	4214
KFC	Playing Kit - Shirt Front - Series Logo	01:10:16	1	A	0.410	1	1	4216
Gillette	Playing Kit - Shirt Front - Venus	01:10:52	7	B	0.995	14	2	4252
Dream11	Playing Kit - Arm	01:10:57	11	A	0.805	11	1	4257
Dream11	Virtual Grass Sign - End of Wicket	01:11:09	2	B	2.746	2	1	4269
Gillette	Virtual Grass Sign - End of Wicket - Gillette Venus	01:11:09	2	C	2.286	2	1	4269
Dream11	Static Board - End of Wicket Signage	01:11:12	4	B	1.007	20	5	4272
Dream11	Virtual Grass Sign - End of Wicket	01:11:12	4	B	1.714	8	2	4272
Gillette	Static Board - End of Wicket Signage	01:11:12	4	C	0.639	4	1	4272
Gillette	Virtual Grass Sign - End of Wicket - Gillette Venus	01:11:12	4	A	1.658	4	1	4272
GJ Gardner	Static Board	01:11:13	3	C	1.166	3	1	4273
KFC	Static Board - End of Wicket Signage	01:11:12	4	C	1.007	4	1	4272
KFC	Virtual Grass Sign - End of Wicket	01:11:15	1	E	1.778	1	1	4275
Dream11	Virtual Grass Sign - End of Wicket	01:11:27	4	B	1.714	4	1	4287
Gillette	Virtual Grass Sign - End of Wicket - Gillette Venus	01:11:27	4	C	1.658	4	1	4287
Gillette	Static Board - End of Wicket Signage	01:11:36	7	C	0.979	7	1	4296
Gillette	Static Board - End of Wicket Signage - With Exfoliating Lab	01:11:36	7	C	0.549	7	1	4296
Dream11	Static Board - End of Wicket Signage	01:11:34	10	C	1.007	50	5	4294
Dream11	Virtual Grass Sign - End of Wicket	01:11:32	12	B	1.714	22	1.833	4292
Gillette	Virtual Grass Sign - End of Wicket - Gillette Venus	01:11:32	12	C	1.658	12	1	4292
KFC	Static Board - End of Wicket Signage	01:11:34	10	C	1.007	10	1	4294
GJ Gardner	Umpire Jersey Front	01:11:46	2	D	0.962	2	1	4306
GJ Gardner	Umpire Jersey Front - Homes	01:11:46	2	D	0.381	2	1	4306
Dream11	Virtual Grass Sign - End of Wicket	01:11:48	3	A	32.319	3	1	4308
GJ Gardner	Umpire Jersey Back	01:11:48	3	A	0.962	3	1	4308
Dream11	Virtual Grass Sign - End of Wicket	01:11:52	1	B	1.714	1	1	4312
Gillette	Virtual Grass Sign - End of Wicket - Gillette Venus	01:11:52	1	C	1.658	1	1	4312
Gillette	Playing Kit - Shirt Front - Venus	01:11:56	1	A	0.995	1	1	4316
Dream11	Static Board - End of Wicket Signage	01:12:25	7	A	0.567	35	5	4345
Dream11	Virtual Grass Sign - End of Wicket	01:12:00	32	B	0.401	49	1.531	4320
Gillette	Virtual Grass Sign - End of Wicket - Gillette Venus	01:12:00	32	C	0.371	32	1	4320
GJ Gardner	Static Board	01:12:25	7	C	1.265	14	2	4345
GJ Gardner	Static Board - Homes	01:12:25	7	C	0.792	14	2	4345
KFC	Static Board - End of Wicket Signage	01:12:25	7	A	0.485	7	1	4345
KFC	Virtual Grass Sign - End of Wicket	01:12:15	17	E	0.967	17	1	4335
Oral B	Static Board	01:12:25	7	A	1.103	7	1	4345
Dream11	Playing Kit - Arm	01:12:32	2	E	0.805	4	2	4352
Dream11	Playing Kit - Shirt Front - Series Logo	01:12:32	2	E	0.457	2	1	4352
KFC	Playing Kit - Shirt Front - Series Logo	01:12:32	2	E	0.410	2	1	4352
Dream11	Virtual Grass Sign - End of Wicket	01:12:34	1	B	4.122	1	1	4354
Gillette	Virtual Grass Sign - End of Wicket - Gillette Venus	01:12:34	1	C	3.925	1	1	4354
Dream11	Static Board - End of Wicket Signage	01:12:37	4	C	1.826	20	5	4357
Dream11	Virtual Grass Sign - End of Wicket	01:12:36	5	B	1.714	5	1	4356
Gillette	Static Board - End of Wicket Signage	01:12:37	4	C	0.979	4	1	4357
Gillette	Static Board - End of Wicket Signage - With Exfoliating Lab	01:12:37	4	C	0.619	4	1	4357
Gillette	Virtual Grass Sign - End of Wicket - Gillette Venus	01:12:36	5	A	1.658	5	1	4356
KFC	Static Board - End of Wicket Signage	01:12:37	4	B	1.673	4	1	4357
KFC	Virtual Grass Sign - End of Wicket	01:12:38	3	E	2.106	3	1	4358
Dream11	Playing Kit - Arm	01:12:43	3	A	0.805	6	2	4363
Dream11	Playing Kit - Shirt Front - Series Logo	01:12:43	3	A	0.457	3	1	4363
Gillette	Playing Kit - Shirt Front - Venus	01:12:43	3	A	0.995	3	1	4363
KFC	Playing Kit - Shirt Front - Series Logo	01:12:43	3	A	0.410	3	1	4363
Dream11	Virtual Grass Sign - End of Wicket	01:12:46	3	B	1.714	3	1	4366
Gillette	Virtual Grass Sign - End of Wicket - Gillette Venus	01:12:46	3	C	1.658	3	1	4366
Dream11	Static Board - End of Wicket Signage	01:12:50	1	B	1.007	5	5	4370
Gillette	Static Board - End of Wicket Signage	01:12:50	1	B	0.639	1	1	4370
KFC	Static Board - End of Wicket Signage	01:12:50	1	B	1.007	1	1	4370
GJ Gardner	Static Board	01:12:50	2	C	1.265	4	2	4370
GJ Gardner	Static Board - Homes	01:12:50	2	C	0.792	4	2	4370
Dream11	Virtual Grass Sign - End of Wicket	01:12:54	2	B	1.714	2	1	4374
Gillette	Virtual Grass Sign - End of Wicket - Gillette Venus	01:12:54	2	C	1.658	2	1	4374
Dream11	Playing Kit - Shirt Front - Series Logo	01:13:01	2	A	0.457	2	1	4381
Gillette	Playing Kit - Shirt Front - Venus	01:13:01	2	A	0.995	2	1	4381
KFC	Playing Kit - Shirt Front - Series Logo	01:13:01	2	A	0.410	2	1	4381
Dream11	Playing Kit - Arm	01:13:01	3	A	0.805	3	1	4381
Dream11	Boundary Rope	01:13:04	3	C	0.905	24	8	4384
Ford	Boundary Rope	01:13:04	3	B	0.979	21	7	4384
KFC	Boundary Rope	01:13:04	3	B	0.974	18	6	4384
Dream11	Virtual Grass Sign - End of Wicket	01:13:13	2	B	1.714	2	1	4393
Gillette	Virtual Grass Sign - End of Wicket - Gillette Venus	01:13:13	2	C	1.658	2	1	4393
Gillette	Static Board - End of Wicket Signage	01:13:16	1	B	0.979	1	1	4396
Gillette	Static Board - End of Wicket Signage - With Exfoliating Lab	01:13:16	1	B	0.619	1	1	4396
GJ Gardner	Static Board	01:13:16	2	B	1.265	4	2	4396
GJ Gardner	Static Board - Homes	01:13:16	2	B	0.792	4	2	4396
Dream11	Boundary Rope	01:13:18	2	A	0.905	16	8	4398
Ford	Boundary Rope	01:13:18	2	A	0.979	14	7	4398
KFC	Boundary Rope	01:13:18	2	A	0.974	12	6	4398
Dream11	Boundary Rope	01:13:32	1	A	0.905	8	8	4412
Ford	Boundary Rope	01:13:32	1	A	0.979	7	7	4412
KFC	Boundary Rope	01:13:32	1	E	0.974	6	6	4412
Dream11	Playing Kit - Arm	01:13:43	1	A	0.805	1	1	4423
Dream11	Playing Kit - Shirt Front - Series Logo	01:13:43	1	A	0.457	1	1	4423
Gillette	Playing Kit - Shirt Front - Venus	01:13:42	2	A	0.995	2	1	4422
KFC	Playing Kit - Shirt Front - Series Logo	01:13:43	1	A	0.410	1	1	4423
Dream11	Virtual Grass Sign - End of Wicket	01:13:42	9	B	0.401	16	1.778	4422
Gillette	Virtual Grass Sign - End of Wicket - Gillette Venus	01:13:44	7	A	0.371	7	1	4424
GJ Gardner	Static Board	01:13:44	7	C	0.682	14	2	4424
Oral B	Static Board	01:13:44	7	A	1.103	14	2	4424
Dream11	Playing Kit - Shirt Front - Series Logo	01:13:51	3	A	0.457	3	1	4431
Gillette	Playing Kit - Shirt Front - Venus	01:13:51	3	A	0.995	3	1	4431
KFC	Playing Kit - Shirt Front - Series Logo	01:13:51	3	A	0.410	3	1	4431
KFC	Virtual Grass Sign - End of Wicket	01:13:44	10	A	37.503	10	1	4424
GJ Gardner	Umpire Jersey Back	01:13:56	1	A	0.962	1	1	4436
Dream11	Virtual Grass Sign - End of Wicket	01:13:54	4	B	6.336	4	1	4434
Gillette	Virtual Grass Sign - End of Wicket - Gillette Venus	01:13:54	4	C	3.497	4	1	4434
GJ Gardner	Static Board	01:13:58	1	C	1.265	1	1	4438
GJ Gardner	Static Board - Homes	01:13:58	1	C	0.792	1	1	4438
Oral B	Static Board	01:13:58	1	C	0.959	2	2	4438
Dream11	Virtual Grass Sign - End of Wicket	01:14:00	3	B	1.714	3	1	4440
Gillette	Virtual Grass Sign - End of Wicket - Gillette Venus	01:14:00	3	C	1.658	3	1	4440
Dream11	Playing Kit - Arm	01:14:05	2	A	0.805	2	1	4445
Gillette	Playing Kit - Shirt Front - Venus	01:14:05	2	E	0.995	2	1	4445
KFC	Virtual Grass Sign - End of Wicket	01:14:07	1	A	38.793	1	1	4447
Dream11	Playing Kit - Arm	01:14:08	2	A	0.805	2	1	4448
Gillette	Playing Kit - Shirt Front - Venus	01:14:09	4	A	0.995	4	1	4449
Dream11	Playing Kit - Arm	01:14:12	2	A	0.805	2	1	4452
Gillette	Playing Kit - Shirt Front - Venus	01:14:18	1	E	0.995	1	1	4458
Dream11	Playing Kit - Arm	01:14:37	8	A	0.805	8	1	4477
Dream11	Virtual Grass Sign - End of Wicket	01:14:45	3	C	5.808	3	1	4485
Dream11	Static Board - End of Wicket Signage	01:14:48	1	B	1.007	5	5	4488
Gillette	Static Board - End of Wicket Signage	01:14:48	1	A	0.639	1	1	4488
GJ Gardner	Static Board	01:14:48	1	A	1.265	1	1	4488
GJ Gardner	Static Board - Homes	01:14:48	1	C	0.792	1	1	4488
KFC	Static Board - End of Wicket Signage	01:14:48	1	A	1.007	1	1	4488
KFC	Virtual Grass Sign - End of Wicket	01:14:45	4	B	2.106	4	1	4485
Dream11	Boundary Rope	01:14:51	3	A	0.905	24	8	4491
Ford	Boundary Rope	01:14:51	3	A	0.979	21	7	4491
KFC	Boundary Rope	01:14:51	3	A	0.974	18	6	4491
Dream11	Playing Kit - Arm	01:14:54	1	A	0.805	1	1	4494
GJ Gardner	Umpire Jersey Back	01:14:54	2	A	0.962	2	1	4494
Gillette	Virtual Grass Sign - End of Wicket - Gillette Venus	01:15:05	1	C	1.658	1	1	4505
KFC	Virtual Grass Sign - End of Wicket	01:15:06	1	B	13.780	1	1	4506
Gillette	Virtual Grass Sign - End of Wicket - Gillette Venus	01:15:07	1	B	1.658	1	1	4507
Dream11	Static Board - End of Wicket Signage	01:15:08	1	B	1.007	5	5	4508
Dream11	Virtual Grass Sign - End of Wicket	01:15:05	4	B	2.423	4	1	4505
Gillette	Static Board - End of Wicket Signage	01:15:08	1	A	0.639	1	1	4508
KFC	Static Board - End of Wicket Signage	01:15:08	1	A	1.007	1	1	4508
KFC	Virtual Grass Sign - End of Wicket	01:15:08	1	E	2.106	1	1	4508
GJ Gardner	Static Board	01:15:08	2	A	1.265	4	2	4508
GJ Gardner	Static Board - Homes	01:15:08	2	C	0.792	4	2	4508
Dream11	Boundary Rope	01:15:11	1	D	0.905	8	8	4511
Ford	Boundary Rope	01:15:11	1	D	0.979	7	7	4511
KFC	Boundary Rope	01:15:11	1	E	0.974	6	6	4511
Dream11	Virtual Grass Sign - End of Wicket	01:15:12	7	C	14.314	7	1	4512
KFC	Virtual Grass Sign - End of Wicket	01:15:12	7	B	13.780	7	1	4512
Dream11	Playing Kit - Shirt Front - Series Logo	01:15:20	2	E	0.457	2	1	4520
KFC	Playing Kit - Shirt Front - Series Logo	01:15:20	2	A	0.410	2	1	4520
Gillette	Playing Kit - Shirt Front - Venus	01:15:20	3	A	0.995	3	1	4520
Dream11	Playing Kit - Arm	01:15:20	4	E	0.805	9	2.250	4520
Dream11	Playing Kit - Arm	01:15:27	1	E	0.805	2	2	4527
Gillette	Playing Kit - Shirt Front - Venus	01:15:27	3	A	0.995	6	2	4527
Dream11	Virtual Grass Sign - End of Wicket	01:15:33	7	C	14.314	7	1	4533
KFC	Virtual Grass Sign - End of Wicket	01:15:33	7	B	13.780	7	1	4533
Dream11	Playing Kit - Shirt Front - Series Logo	01:15:41	1	A	0.457	1	1	4541
KFC	Playing Kit - Shirt Front - Series Logo	01:15:41	1	A	0.410	1	1	4541
Dream11	Playing Kit - Arm	01:15:42	1	A	0.805	1	1	4542
Gillette	Playing Kit - Shirt Front - Venus	01:15:40	3	A	0.995	3	1	4540
Dream11	Playing Kit - Arm	01:16:48	1	B	0.805	2	2	4608
Dream11	Playing Kit - Shirt Front - Series Logo	01:16:48	4	B	0.457	4	1	4608
Gillette	Playing Kit - Shirt Front - Venus	01:16:48	4	B	0.995	4	1	4608
Gillette	Virtual Grass Sign - End of Wicket - Gillette Venus	01:16:49	3	A	26.098	3	1	4609
KFC	Playing Kit - Shirt Front - Series Logo	01:16:48	4	B	0.410	4	1	4608
Dream11	Virtual Grass Sign - End of Wicket	01:16:52	3	C	9.847	3	1	4612
KFC	Virtual Grass Sign - End of Wicket	01:16:52	3	B	7.621	3	1	4612
Gillette	Stumps - Venus	01:16:58	1	D	1.018	4	4	4618
KFC	Static Board - End of Wicket Signage	01:16:58	1	D	4.171	2	2	4618
Dream11	Boundary Rope	01:16:55	12	C	0.905	96	8	4615
Ford	Boundary Rope	01:16:55	12	B	0.979	84	7	4615
GJ Gardner	Static Board	01:17:04	3	C	6.872	3	1	4624
GJ Gardner	Static Board - Homes	01:17:05	2	C	3.204	4	2	4625
KFC	Boundary Rope	01:16:55	12	B	0.974	72	6	4615
Dream11	Virtual Grass Sign - End of Wicket	01:17:07	4	C	2.423	4	1	4627
KFC	Virtual Grass Sign - End of Wicket	01:17:07	4	B	2.106	4	1	4627
Dream11	Playing Kit - Arm	01:17:12	1	A	0.805	1	1	4632
Dream11	Playing Kit - Shirt Front - Series Logo	01:17:11	2	A	0.457	2	1	4631
Gillette	Playing Kit - Shirt Front - Venus	01:17:11	2	A	0.995	2	1	4631
KFC	Playing Kit - Shirt Front - Series Logo	01:17:11	2	A	0.410	2	1	4631
Dream11	Virtual Grass Sign - End of Wicket	01:17:15	8	B	2.423	8	1	4635
KFC	Virtual Grass Sign - End of Wicket	01:17:15	8	C	2.106	8	1	4635
Dream11	Boundary Rope	01:17:24	4	B	0.905	16	4	4644
Ford	Boundary Rope	01:17:23	5	B	0.979	20	4	4643
KFC	Boundary Rope	01:17:23	5	B	0.974	15	3	4643
KFC	Static Board - End of Wicket Signage	01:17:28	3	C	3.210	3	1	4648
Oral B	Static Board	01:17:28	3	B	2.193	5	1.667	4648
Dream11	Virtual Grass Sign - End of Wicket	01:17:31	6	C	14.314	6	1	4651
KFC	Virtual Grass Sign - End of Wicket	01:17:31	6	B	13.780	6	1	4651
Dream11	Playing Kit - Shirt Front - Series Logo	01:17:37	1	A	0.457	1	1	4657
Gillette	Playing Kit - Shirt Front - Venus	01:17:37	1	A	0.995	1	1	4657
KFC	Playing Kit - Shirt Front - Series Logo	01:17:37	1	A	0.410	1	1	4657
Dream11	Playing Kit - Arm	01:17:37	2	A	0.805	2	1	4657
Dream11	Playing Kit - Shirt Front - Series Logo	01:17:45	3	A	0.457	3	1	4665
Gillette	Playing Kit - Shirt Front - Venus	01:17:45	3	A	0.995	3	1	4665
GJ Gardner	Umpire Jersey Front	01:17:45	3	A	0.962	3	1	4665
GJ Gardner	Umpire Jersey Front - Homes	01:17:45	3	A	0.381	3	1	4665
KFC	Playing Kit - Shirt Front - Series Logo	01:17:45	3	A	0.410	3	1	4665
Dream11	Virtual Grass Sign - End of Wicket	01:17:48	5	C	10.749	5	1	4668
KFC	Virtual Grass Sign - End of Wicket	01:17:48	5	B	13.780	5	1	4668
GJ Gardner	Umpire Jersey Front	01:17:53	1	E	0.962	1	1	4673
GJ Gardner	Umpire Jersey Front - Homes	01:17:53	1	D	0.381	1	1	4673
Dream11	Playing Kit - Arm	01:17:54	1	A	0.805	1	1	4674
Dream11	Playing Kit - Shirt Front - Series Logo	01:17:54	1	A	0.457	1	1	4674
Gillette	Playing Kit - Shirt Front - Venus	01:17:54	1	A	0.995	1	1	4674
KFC	Playing Kit - Shirt Front - Series Logo	01:17:54	1	A	0.410	1	1	4674
Dream11	Playing Kit - Arm	01:17:56	3	D	0.805	5	1.667	4676
Dream11	Playing Kit - Arm	01:18:00	1	D	0.805	1	1	4680
GJ Gardner	Umpire Jersey Back	01:18:02	1	C	0.962	1	1	4682
Dream11	Playing Kit - Arm	01:18:05	2	E	0.805	4	2	4685
Dream11	Playing Kit - Shirt Front - Series Logo	01:18:05	4	A	0.457	4	1	4685
Gillette	Playing Kit - Shirt Front - Venus	01:18:07	2	D	0.995	2	1	4687
KFC	Playing Kit - Shirt Front - Series Logo	01:18:05	4	E	0.410	4	1	4685
Dream11	Virtual Grass Sign - End of Wicket	01:18:10	5	B	11.358	5	1	4690
KFC	Virtual Grass Sign - End of Wicket	01:18:10	5	C	13.780	5	1	4690
Gillette	Playing Kit - Shirt Front - Venus	01:18:15	1	E	0.995	1	1	4695
Dream11	Playing Kit - Arm	01:18:16	1	E	0.805	1	1	4696
Dream11	Playing Kit - Shirt Front - Series Logo	01:18:15	2	A	0.457	2	1	4695
KFC	Playing Kit - Shirt Front - Series Logo	01:18:15	2	A	0.410	2	1	4695
Dream11	Playing Kit - Arm	01:18:18	2	A	0.805	5	2.500	4698
Dream11	Boundary Rope	01:18:39	16	A	0.905	128	8	4719
Ford	Boundary Rope	01:18:39	16	A	0.696	112	7	4719
KFC	Boundary Rope	01:18:39	16	A	0.974	96	6	4719
GJ Gardner	Umpire Jersey Front	01:18:57	3	C	0.962	3	1	4737
GJ Gardner	Umpire Jersey Front - Homes	01:18:57	3	A	0.381	3	1	4737
Dream11	Playing Kit - Arm	01:19:27	3	B	0.805	3	1	4767
Dream11	Playing Kit - Shirt Front - Series Logo	01:19:27	3	B	0.341	3	1	4767
KFC	Playing Kit - Shirt Front - Series Logo	01:19:27	3	B	0.410	3	1	4767
Dream11	Playing Kit - Arm	01:19:31	1	B	0.805	1	1	4771
Dream11	Playing Kit - Shirt Front - Series Logo	01:19:31	1	B	0.457	1	1	4771
Gillette	Playing Kit - Shirt Front - Venus	01:19:27	5	B	0.995	5	1	4767
KFC	Playing Kit - Shirt Front - Series Logo	01:19:31	1	B	0.410	1	1	4771
Dream11	Virtual Grass Sign - End of Wicket	01:19:32	3	B	1.714	3	1	4772
Gillette	Virtual Grass Sign - End of Wicket - Gillette Venus	01:19:32	3	C	1.658	3	1	4772
Dream11	Playing Kit - Shirt Front - Series Logo	01:19:35	1	A	0.457	1	1	4775
Dream11	Playing Kit - Arm	01:19:35	2	A	0.805	2	1	4775
Gillette	Playing Kit - Shirt Front - Venus	01:19:35	2	E	0.995	2	1	4775
GJ Gardner	Umpire Jersey Back	01:19:35	2	A	0.962	2	1	4775
Dream11	Playing Kit - Shirt Front - Series Logo	01:19:39	1	A	0.457	1	1	4779
Gillette	Playing Kit - Shirt Front - Venus	01:19:38	2	A	0.995	2	1	4778
GJ Gardner	Umpire Jersey Front	01:19:37	3	A	0.962	3	1	4777
GJ Gardner	Umpire Jersey Front - Homes	01:19:37	3	A	0.381	3	1	4777
KFC	Playing Kit - Shirt Front - Series Logo	01:19:39	1	A	0.410	1	1	4779
Dream11	Virtual Grass Sign - End of Wicket	01:19:40	4	B	14.314	4	1	4780
KFC	Virtual Grass Sign - End of Wicket	01:19:40	4	C	13.780	4	1	4780
Dream11	Playing Kit - Arm	01:19:44	1	A	0.805	2	2	4784
Dream11	Static Board - End of Wicket Signage	01:20:37	5	A	0.517	25	5	4837
Gillette	Static Board - End of Wicket Signage	01:20:41	1	A	0.521	1	1	4841
GJ Gardner	Static Board	01:20:37	5	A	0.413	11	2.200	4837
KFC	Static Board - End of Wicket Signage	01:20:37	5	A	0.422	6	1.200	4837
Oral B	Static Board	01:20:37	5	A	0.395	10	2	4837
Dream11	Virtual Grass Sign - End of Wicket	01:20:37	8	A	0.401	17	2.125	4837
Gillette	Virtual Grass Sign - End of Wicket - Gillette Venus	01:20:37	8	C	0.371	8	1	4837
KFC	Virtual Grass Sign - End of Wicket	01:20:37	8	A	0.967	8	1	4837
Gillette	Playing Kit - Shirt Front - Venus	01:20:45	1	A	0.995	1	1	4845
GJ Gardner	Umpire Jersey Front	01:20:45	1	C	0.962	1	1	4845
GJ Gardner	Umpire Jersey Front - Homes	01:20:45	1	D	0.381	1	1	4845
Dream11	Virtual Grass Sign - End of Wicket	01:20:46	2	B	1.714	2	1	4846
Gillette	Virtual Grass Sign - End of Wicket - Gillette Venus	01:20:46	2	C	1.658	2	1	4846
Dream11	Static Board - End of Wicket Signage	01:20:49	1	B	1.007	5	5	4849
Dream11	Virtual Grass Sign - End of Wicket	01:20:49	1	B	1.714	2	2	4849
Gillette	Static Board - End of Wicket Signage	01:20:49	1	C	0.639	1	1	4849
Gillette	Virtual Grass Sign - End of Wicket - Gillette Venus	01:20:49	1	A	1.658	1	1	4849
KFC	Static Board - End of Wicket Signage	01:20:49	1	C	1.007	1	1	4849
Dream11	Playing Kit - Arm	01:20:53	2	A	0.805	2	1	4853
Gillette	Playing Kit - Shirt Front - Venus	01:20:54	2	A	0.995	2	1	4854
Gillette	Playing Kit - Shirt Front - Venus	01:20:58	1	D	0.995	1	1	4858
Dream11	Playing Kit - Shirt Front - Series Logo	01:21:01	1	A	0.457	1	1	4861
KFC	Playing Kit - Shirt Front - Series Logo	01:21:01	1	A	0.410	1	1	4861
Dream11	Playing Kit - Arm	01:20:56	7	A	0.805	11	1.571	4856
Dream11	Playing Kit - Arm	01:21:04	1	A	0.805	3	3	4864
Dream11	Playing Kit - Shirt Front - Series Logo	01:21:04	1	A	0.457	1	1	4864
Gillette	Playing Kit - Shirt Front - Venus	01:21:03	2	A	0.995	3	1.500	4863
KFC	Playing Kit - Shirt Front - Series Logo	01:21:04	1	A	0.410	1	1	4864
Dream11	Playing Kit - Arm	01:21:07	2	A	0.805	4	2	4867
Gillette	Playing Kit - Shirt Front - Venus	01:21:17	2	C	0.995	2	1	4877
Dream11	Boundary Rope	01:21:41	6	C	0.905	48	8	4901
Ford	Boundary Rope	01:21:41	6	C	0.979	42	7	4901
KFC	Boundary Rope	01:21:41	6	B	0.974	36	6	4901
Gillette	Playing Kit - Shirt Front - Venus	01:21:57	1	B	0.995	1	1	4917
Dream11	Playing Kit - Arm	01:22:18	1	B	0.805	1	1	4938
Dream11	Playing Kit - Arm	01:22:20	4	E	0.805	8	2	4940
Gillette	Playing Kit - Shirt Front - Venus	01:22:20	4	E	0.995	4	1	4940
Dream11	Virtual Grass Sign - End of Wicket	01:22:24	1	B	3.940	1	1	4944
Gillette	Virtual Grass Sign - End of Wicket - Gillette Venus	01:22:24	1	C	3.080	1	1	4944
Dream11	Static Board - End of Wicket Signage	01:22:27	1	B	1.007	5	5	4947
Dream11	Virtual Grass Sign - End of Wicket	01:22:26	2	B	1.714	3	1.500	4946
Gillette	Static Board - End of Wicket Signage	01:22:27	1	C	0.639	1	1	4947
Gillette	Virtual Grass Sign - End of Wicket - Gillette Venus	01:22:26	2	B	1.658	2	1	4946
KFC	Static Board - End of Wicket Signage	01:22:27	1	C	1.007	1	1	4947
KFC	Virtual Grass Sign - End of Wicket	01:22:27	1	E	1.704	1	1	4947
KFC	Playing Kit - Cap	01:22:35	1	B	0.879	1	1	4955
Dream11	Playing Kit - Arm	01:22:33	8	A	0.805	12	1.500	4953
Dream11	Playing Kit - Shirt Front - Series Logo	01:22:37	4	A	0.457	4	1	4957
Gillette	Playing Kit - Shirt Front - Venus	01:22:36	5	A	0.995	5	1	4956
KFC	Playing Kit - Shirt Front - Series Logo	01:22:37	4	A	0.410	4	1	4957
Dream11	Virtual Grass Sign - End of Wicket	01:22:41	2	B	1.714	2	1	4961
Gillette	Virtual Grass Sign - End of Wicket - Gillette Venus	01:22:41	2	C	1.658	2	1	4961
Dream11	Static Board - End of Wicket Signage	01:22:44	3	B	1.007	15	5	4964
Dream11	Virtual Grass Sign - End of Wicket	01:22:44	3	B	1.714	6	2	4964
Gillette	Static Board - End of Wicket Signage	01:22:44	3	C	0.639	3	1	4964
Gillette	Virtual Grass Sign - End of Wicket - Gillette Venus	01:22:44	3	B	1.658	3	1	4964
GJ Gardner	Static Board	01:22:45	2	C	1.265	4	2	4965
KFC	Static Board - End of Wicket Signage	01:22:44	3	C	1.007	3	1	4964
Gillette	Playing Kit - Shirt Front - Venus	01:22:56	3	A	0.995	3	1	4976
Dream11	Boundary Rope	01:22:59	3	C	0.905	24	8	4979
Ford	Boundary Rope	01:22:59	3	B	0.979	21	7	4979
KFC	Boundary Rope	01:22:59	3	B	0.974	18	6	4979
Gillette	Playing Kit - Shirt Front - Venus	01:23:07	1	A	0.995	1	1	4987
Dream11	Static Board - End of Wicket Signage	01:23:08	2	A	0.517	10	5	4988
Dream11	Virtual Grass Sign - End of Wicket	01:23:08	2	A	0.670	6	3	4988
Gillette	Static Board - End of Wicket Signage	01:23:08	2	A	0.521	2	1	4988
Gillette	Virtual Grass Sign - End of Wicket - Gillette Venus	01:23:08	2	A	0.874	2	1	4988
GJ Gardner	Static Board	01:23:08	2	B	0.413	6	3	4988
KFC	Static Board - End of Wicket Signage	01:23:08	2	A	0.422	4	2	4988
KFC	Virtual Grass Sign - End of Wicket	01:23:08	2	E	2.106	2	1	4988
Oral B	Static Board	01:23:08	2	A	0.395	4	2	4988
Gillette	Playing Kit - Shirt Front - Venus	01:23:10	1	A	0.995	1	1	4990
GJ Gardner	Umpire Jersey Back	01:23:10	1	C	0.962	1	1	4990
Dream11	Virtual Grass Sign - End of Wicket	01:23:11	1	B	1.714	1	1	4991
Gillette	Virtual Grass Sign - End of Wicket - Gillette Venus	01:23:11	1	C	1.658	1	1	4991
Dream11	Static Board - End of Wicket Signage	01:23:13	4	C	1.007	20	5	4993
Dream11	Virtual Grass Sign - End of Wicket	01:23:13	4	B	0.769	8	2	4993
Gillette	Virtual Grass Sign - End of Wicket - Gillette Venus	01:23:13	4	C	0.897	4	1	4993
GJ Gardner	Static Board	01:23:14	3	C	1.265	6	2	4994
KFC	Static Board - End of Wicket Signage	01:23:13	4	C	1.007	4	1	4993
KFC	Virtual Grass Sign - End of Wicket	01:23:13	4	E	1.302	4	1	4993
Gillette	Playing Kit - Shirt Front - Venus	01:23:29	2	C	0.995	2	1	5009
Dream11	Playing Kit - Shirt Front - Series Logo	01:23:32	1	A	0.457	1	1	5012
Gillette	Playing Kit - Shirt Front - Venus	01:23:32	1	A	0.995	1	1	5012
KFC	Playing Kit - Shirt Front - Series Logo	01:23:32	1	A	0.410	1	1	5012
Dream11	Virtual Grass Sign - End of Wicket	01:23:37	2	B	1.714	2	1	5017
Gillette	Virtual Grass Sign - End of Wicket - Gillette Venus	01:23:37	2	C	1.658	2	1	5017
Dream11	Static Board - End of Wicket Signage	01:23:41	1	C	1.007	5	5	5021
Dream11	Virtual Grass Sign - End of Wicket	01:23:40	2	C	1.714	3	1.500	5020
Gillette	Virtual Grass Sign - End of Wicket - Gillette Venus	01:23:40	2	C	1.658	2	1	5020
GJ Gardner	Static Board	01:23:41	1	B	1.265	2	2	5021
KFC	Static Board - End of Wicket Signage	01:23:41	1	C	1.007	1	1	5021
KFC	Virtual Grass Sign - End of Wicket	01:23:41	1	D	2.106	1	1	5021
Oral B	Static Board	01:23:41	1	A	1.103	2	2	5021
Dream11	Virtual Grass Sign - End of Wicket	01:23:54	2	B	1.714	2	1	5034
Gillette	Virtual Grass Sign - End of Wicket - Gillette Venus	01:23:54	2	C	1.658	2	1	5034
Dream11	Static Board - End of Wicket Signage	01:23:58	1	C	1.007	5	5	5038
Dream11	Virtual Grass Sign - End of Wicket	01:23:57	2	C	1.714	3	1.500	5037
Gillette	Virtual Grass Sign - End of Wicket - Gillette Venus	01:23:57	2	A	1.658	2	1	5037
GJ Gardner	Static Board	01:23:58	1	B	1.265	2	2	5038
GJ Gardner	Static Board - Homes	01:23:58	1	B	0.792	2	2	5038
KFC	Static Board - End of Wicket Signage	01:23:58	1	B	1.007	1	1	5038
KFC	Virtual Grass Sign - End of Wicket	01:23:58	1	D	2.106	1	1	5038
Oral B	Static Board	01:23:58	1	B	1.103	2	2	5038
GJ Gardner	Umpire Jersey Back	01:24:03	2	C	1.853	2	1	5043
Gillette	Playing Kit - Shirt Front - Venus	01:24:10	1	A	0.995	1	1	5050
Dream11	Virtual Grass Sign - End of Wicket	01:24:25	2	A	0.401	4	2	5065
Gillette	Virtual Grass Sign - End of Wicket - Gillette Venus	01:24:25	2	A	0.371	2	1	5065
KFC	Virtual Grass Sign - End of Wicket	01:24:25	2	E	0.967	2	1	5065
Dream11	TVGI Series Text	01:24:27	19	B	1.423	19	1	5067
Dream11	Virtual Grass Sign - End of Wicket	01:24:47	1	A	0.401	2	2	5087
Gillette	Virtual Grass Sign - End of Wicket - Gillette Venus	01:24:47	1	A	0.371	1	1	5087
KFC	Virtual Grass Sign - End of Wicket	01:24:47	1	E	0.967	1	1	5087
Dream11	Playing Kit - Arm	01:24:48	1	A	0.805	2	2	5088
Dream11	Playing Kit - Shirt Front - Series Logo	01:24:48	1	A	0.457	1	1	5088
Gillette	Playing Kit - Shirt Front - Venus	01:24:48	1	A	0.995	1	1	5088
KFC	Playing Kit - Shirt Front - Series Logo	01:24:48	1	A	0.410	1	1	5088
KFC	Virtual Grass Sign - End of Wicket	01:24:49	2	B	11.871	2	1	5089
Dream11	Virtual Grass Sign - End of Wicket	01:24:49	3	C	5.152	3	1	5089
GJ Gardner	Umpire Jersey Front - Homes	01:24:54	1	A	0.381	1	1	5094
Dream11	Boundary Rope	01:24:54	9	A	0.905	72	8	5094
Dream11	Static Board - End of Wicket Signage	01:24:54	9	E	4.577	45	5	5094
Ford	Boundary Rope	01:24:54	9	A	0.979	63	7	5094
KFC	Boundary Rope	01:24:54	9	A	0.974	54	6	5094
Gillette	Stumps - Venus	01:25:01	3	A	1.018	12	4	5101
GJ Gardner	Umpire Jersey Front	01:24:54	10	A	0.962	10	1	5094
GJ Gardner	Umpire Jersey Front - Homes	01:25:03	1	B	0.381	1	1	5103
KFC	Static Board - End of Wicket Signage	01:24:54	10	A	20.116	10	1	5094
Dream11	Virtual Grass Sign - End of Wicket	01:25:04	3	B	6.336	3	1	5104
Gillette	Virtual Grass Sign - End of Wicket - Gillette Venus	01:25:04	3	C	5.871	3	1	5104
Dream11	Virtual Grass Sign - End of Wicket	01:25:09	4	B	6.336	4	1	5109
Gillette	Virtual Grass Sign - End of Wicket - Gillette Venus	01:25:09	4	C	5.871	4	1	5109
Dream11	Playing Kit - Shirt Front - Series Logo	01:25:15	1	A	0.457	1	1	5115
Gillette	Playing Kit - Shirt Front - Venus	01:25:15	1	A	0.995	1	1	5115
KFC	Playing Kit - Shirt Front - Series Logo	01:25:15	1	A	0.410	1	1	5115
Gillette	Playing Kit - Shirt Front - Venus	01:25:17	1	A	0.995	1	1	5117
Dream11	Playing Kit - Shirt Front - Series Logo	01:25:17	3	A	0.457	3	1	5117
KFC	Playing Kit - Shirt Front - Series Logo	01:25:17	3	A	0.410	3	1	5117
Dream11	Playing Kit - Arm	01:25:18	3	A	0.805	6	2	5118
GJ Gardner	Umpire Jersey Front	01:25:17	4	B	0.962	4	1	5117
GJ Gardner	Umpire Jersey Front - Homes	01:25:17	4	B	0.381	4	1	5117
Dream11	Virtual Grass Sign - End of Wicket	01:25:21	3	C	5.485	3	1	5121
KFC	Virtual Grass Sign - End of Wicket	01:25:21	4	B	4.447	4	1	5121
Gillette	Playing Kit - Shirt Front - Venus	01:25:27	2	A	0.995	2	1	5127
GJ Gardner	Umpire Jersey Front	01:25:33	1	B	0.632	1	1	5133
GJ Gardner	Umpire Jersey Front - Homes	01:25:33	1	B	0.381	1	1	5133
Dream11	Playing Kit - Arm	01:25:33	4	A	0.805	4	1	5133
Dream11	Playing Kit - Shirt Front - Series Logo	01:25:33	4	A	0.457	4	1	5133
Gillette	Playing Kit - Shirt Front - Venus	01:25:33	4	A	0.995	4	1	5133
GJ Gardner	Umpire Jersey Front	01:25:35	2	B	0.962	2	1	5135
GJ Gardner	Umpire Jersey Front - Homes	01:25:35	2	B	0.381	2	1	5135
KFC	Playing Kit - Shirt Front - Series Logo	01:25:33	4	A	0.410	4	1	5133
Dream11	Virtual Grass Sign - End of Wicket	01:25:37	5	B	4.718	5	1	5137
KFC	Virtual Grass Sign - End of Wicket	01:25:37	5	C	4.452	5	1	5137
Dream11	Boundary Rope	01:25:44	1	C	0.905	8	8	5144
Ford	Boundary Rope	01:25:44	1	C	0.979	7	7	5144
KFC	Boundary Rope	01:25:44	1	C	0.974	6	6	5144
Dream11	Virtual Grass Sign - End of Wicket	01:26:04	6	B	14.314	6	1	5164
KFC	Virtual Grass Sign - End of Wicket	01:26:04	6	C	13.780	6	1	5164
Dream11	Playing Kit - Arm	01:26:10	1	A	0.805	1	1	5170
Dream11	Playing Kit - Shirt Front - Series Logo	01:26:10	1	A	0.457	1	1	5170
KFC	Playing Kit - Shirt Front - Series Logo	01:26:10	1	A	0.410	1	1	5170
GJ Gardner	Umpire Jersey Front	01:26:17	1	A	0.962	1	1	5177
GJ Gardner	Umpire Jersey Front - Homes	01:26:17	1	A	0.381	1	1	5177
Gillette	Playing Kit - Shirt Front - Venus	01:26:18	1	A	0.995	1	1	5178
Dream11	Playing Kit - Arm	01:26:12	9	A	0.805	9	1	5172
Dream11	Playing Kit - Shirt Front - Series Logo	01:26:17	4	A	0.457	4	1	5177
KFC	Playing Kit - Shirt Front - Series Logo	01:26:17	4	A	0.410	4	1	5177
Dream11	Static Board - End of Wicket Signage	01:26:24	1	C	1.007	5	5	5184
Dream11	Virtual Grass Sign - End of Wicket	01:26:21	4	C	2.423	4	1	5181
KFC	Static Board - End of Wicket Signage	01:26:24	1	B	1.007	1	1	5184
KFC	Virtual Grass Sign - End of Wicket	01:26:21	4	B	1.578	4	1	5181
Oral B	Static Board	01:26:24	1	B	1.103	2	2	5184
Dream11	Static Board - End of Wicket Signage	01:26:29	1	C	1.007	5	5	5189
GJ Gardner	Static Board	01:26:29	1	B	0.844	2	2	5189
GJ Gardner	Static Board - Homes	01:26:29	1	B	0.792	2	2	5189
KFC	Static Board - End of Wicket Signage	01:26:29	1	C	1.007	1	1	5189
Oral B	Static Board	01:26:29	1	B	0.874	1	1	5189
KFC	Static Board - End of Wicket Signage	01:26:31	8	A	5.902	8	1	5191
Dream11	Boundary Rope	01:26:31	10	A	0.905	80	8	5191
Ford	Boundary Rope	01:26:31	10	A	0.979	70	7	5191
Gillette	Static Board - End of Wicket Signage	01:26:31	10	A	3.409	10	1	5191
Gillette	Static Board - End of Wicket Signage - With Exfoliating Lab	01:26:31	10	A	3.102	10	1	5191
KFC	Boundary Rope	01:26:31	10	A	0.974	60	6	5191
GJ Gardner	Static Board	01:26:52	1	B	1.265	2	2	5212
GJ Gardner	Static Board - Homes	01:26:52	1	B	0.792	2	2	5212
Dream11	Static Board - End of Wicket Signage	01:26:53	1	C	1.007	3	3	5213
KFC	Static Board - End of Wicket Signage	01:26:52	2	C	2.573	2	1	5212
Oral B	Static Board	01:26:52	2	C	1.072	4	2	5212
Dream11	Boundary Rope	01:26:54	3	C	0.905	24	8	5214
Ford	Boundary Rope	01:26:54	3	C	0.979	21	7	5214
KFC	Boundary Rope	01:26:54	3	B	0.974	18	6	5214
Dream11	Static Board - End of Wicket Signage	01:27:00	2	A	1.007	10	5	5220
Dream11	Virtual Grass Sign - End of Wicket	01:26:59	3	B	1.714	5	1.667	5219
Gillette	Virtual Grass Sign - End of Wicket - Gillette Venus	01:26:59	3	C	1.658	3	1	5219
KFC	Static Board - End of Wicket Signage	01:27:00	2	A	1.007	2	1	5220
GJ Gardner	Static Board	01:27:01	2	D	1.265	4	2	5221
GJ Gardner	Static Board - Homes	01:27:02	1	C	0.792	2	2	5222
Dream11	Virtual Grass Sign - End of Wicket	01:27:05	2	B	6.630	2	1	5225
KFC	Virtual Grass Sign - End of Wicket	01:27:05	2	C	8.236	2	1	5225
GJ Gardner	Static Board	01:27:07	1	A	1.265	2	2	5227
GJ Gardner	Static Board - Homes	01:27:07	1	C	0.792	3	3	5227
Dream11	Boundary Rope	01:27:09	1	A	0.905	8	8	5229
Ford	Boundary Rope	01:27:09	1	A	0.979	7	7	5229
KFC	Boundary Rope	01:27:09	1	A	0.974	6	6	5229
Gillette	Virtual Grass Sign - End of Wicket - Gillette Venus	01:27:11	1	B	1.658	1	1	5231
Dream11	Static Board - End of Wicket Signage	01:27:14	1	B	1.007	5	5	5234
Dream11	Virtual Grass Sign - End of Wicket	01:27:12	3	B	2.423	3	1	5232
KFC	Virtual Grass Sign - End of Wicket	01:27:12	3	C	2.106	3	1	5232
GJ Gardner	Static Board	01:27:15	1	A	1.265	2	2	5235
GJ Gardner	Static Board - Homes	01:27:15	1	A	0.792	2	2	5235
Dream11	Virtual Grass Sign - End of Wicket	01:27:17	8	B	7.549	8	1	5237
KFC	Virtual Grass Sign - End of Wicket	01:27:17	8	C	8.248	8	1	5237
GJ Gardner	Umpire Jersey Front	01:27:25	1	A	0.962	1	1	5245
GJ Gardner	Umpire Jersey Front - Homes	01:27:25	1	D	0.381	1	1	5245
Dream11	Virtual Grass Sign - End of Wicket	01:27:26	1	B	1.714	1	1	5246
Gillette	Virtual Grass Sign - End of Wicket - Gillette Venus	01:27:26	1	C	1.658	1	1	5246
Dream11	Static Board - End of Wicket Signage	01:27:28	1	B	1.007	5	5	5248
Dream11	Virtual Grass Sign - End of Wicket	01:27:28	1	B	1.714	2	2	5248
Gillette	Static Board - End of Wicket Signage	01:27:28	1	C	0.639	1	1	5248
Gillette	Virtual Grass Sign - End of Wicket - Gillette Venus	01:27:28	1	A	1.658	1	1	5248
KFC	Static Board - End of Wicket Signage	01:27:28	1	C	1.007	1	1	5248
GJ Gardner	Umpire Jersey Front	01:27:31	7	A	0.962	7	1	5251
GJ Gardner	Umpire Jersey Front - Homes	01:27:31	7	A	0.381	7	1	5251
Dream11	Playing Kit - Arm	01:27:41	7	A	0.805	14	2	5261
Dream11	Playing Kit - Shirt Front - Series Logo	01:27:41	7	A	0.457	7	1	5261
Gillette	Playing Kit - Shirt Front - Venus	01:27:41	7	A	0.995	7	1	5261
KFC	Playing Kit - Shirt Front - Series Logo	01:27:41	7	A	0.410	7	1	5261
Dream11	Static Board - End of Wicket Signage	01:27:50	1	C	1.007	5	5	5270
Dream11	Virtual Grass Sign - End of Wicket	01:27:48	5	B	1.714	8	1.600	5268
Gillette	Virtual Grass Sign - End of Wicket - Gillette Venus	01:27:48	5	C	1.658	5	1	5268
GJ Gardner	Static Board	01:27:51	2	B	1.265	4	2	5271
GJ Gardner	Static Board - Homes	01:27:51	2	B	0.792	4	2	5271
KFC	Static Board - End of Wicket Signage	01:27:50	3	B	0.898	3	1	5270
Oral B	Static Board	01:27:50	3	B	0.930	3	1	5270
GJ Gardner	Umpire Jersey Back	01:28:01	1	A	0.962	1	1	5281
Dream11	Playing Kit - Shirt Front - Series Logo	01:28:01	5	A	0.457	5	1	5281
Gillette	Playing Kit - Shirt Front - Venus	01:28:01	5	D	0.995	5	1	5281
KFC	Playing Kit - Shirt Front - Series Logo	01:28:01	5	A	0.410	5	1	5281
Dream11	Playing Kit - Arm	01:28:04	4	A	0.805	4	1	5284
Dream11	Static Board - End of Wicket Signage	01:28:11	1	A	0.306	5	5	5291
Dream11	Virtual Grass Sign - End of Wicket	01:28:10	2	A	0.401	4	2	5290
Gillette	Virtual Grass Sign - End of Wicket - Gillette Venus	01:28:10	2	A	0.371	2	1	5290
GJ Gardner	Static Board	01:28:10	2	C	0.329	5	2.500	5290
KFC	Static Board - End of Wicket Signage	01:28:11	1	A	0.373	1	1	5291
KFC	Virtual Grass Sign - End of Wicket	01:28:10	2	A	0.967	2	1	5290
Oral B	Static Board	01:28:10	2	A	0.419	4	2	5290
Gillette	Static Board - End of Wicket Signage	01:28:17	1	C	0.639	1	1	5297
Dream11	Static Board - End of Wicket Signage	01:28:17	3	B	1.007	15	5	5297
GJ Gardner	Static Board	01:28:18	2	C	1.265	4	2	5298
KFC	Static Board - End of Wicket Signage	01:28:17	3	C	1.007	3	1	5297
Dream11	Virtual Grass Sign - End of Wicket	01:28:14	7	B	0.401	11	1.571	5294
Gillette	Virtual Grass Sign - End of Wicket - Gillette Venus	01:28:14	7	C	0.371	7	1	5294
KFC	Virtual Grass Sign - End of Wicket	01:28:17	4	E	0.967	4	1	5297
Dream11	Playing Kit - Shirt Front - Series Logo	01:28:24	8	C	0.457	8	1	5304
Gillette	Playing Kit - Shirt Front - Venus	01:28:24	8	D	0.995	8	1	5304
KFC	Playing Kit - Shirt Front - Series Logo	01:28:24	8	C	0.410	8	1	5304
Dream11	Playing Kit - Arm	01:28:24	9	A	0.805	9	1	5304
KFC	Virtual Grass Sign - End of Wicket	01:28:36	3	E	3.020	3	1	5316
Dream11	Virtual Grass Sign - End of Wicket	01:28:36	5	A	1.714	7	1.400	5316
Gillette	Virtual Grass Sign - End of Wicket - Gillette Venus	01:28:36	5	A	1.619	5	1	5316
Gillette	Playing Kit - Shirt Front - Venus	01:28:45	1	A	0.995	1	1	5325
Dream11	Playing Kit - Shirt Front - Series Logo	01:28:48	1	A	0.457	1	1	5328
Gillette	Playing Kit - Shirt Front - Venus	01:28:47	2	D	0.995	2	1	5327
KFC	Playing Kit - Shirt Front - Series Logo	01:28:48	1	A	0.410	1	1	5328
Dream11	Playing Kit - Arm	01:28:43	8	A	0.805	13	1.625	5323
Gillette	Playing Kit - Shirt Front - Venus	01:28:50	2	A	0.793	2	1	5330
Gillette	Playing Kit - Shirt Front - Venus	01:28:54	1	A	0.995	2	2	5334
Dream11	Playing Kit - Arm	01:28:55	1	A	0.805	1	1	5335
Dream11	Virtual Grass Sign - End of Wicket	01:28:57	3	B	6.336	3	1	5337
Gillette	Virtual Grass Sign - End of Wicket - Gillette Venus	01:28:57	3	C	5.862	3	1	5337
Dream11	Playing Kit - Arm	01:29:02	3	A	0.805	5	1.667	5342
Gillette	Playing Kit - Shirt Front - Venus	01:29:03	2	A	0.995	4	2	5343
GJ Gardner	Umpire Jersey Back	01:29:36	1	B	0.962	1	1	5376
Dream11	Playing Kit - Arm	01:29:38	1	A	0.805	1	1	5378
Dream11	Playing Kit - Arm	01:30:09	3	A	0.805	3	1	5409
Dream11	Playing Kit - Shirt Front - Series Logo	01:30:09	3	A	0.457	3	1	5409
Gillette	Playing Kit - Shirt Front - Venus	01:30:09	3	A	0.995	3	1	5409
KFC	Playing Kit - Shirt Front - Series Logo	01:30:09	3	A	0.410	3	1	5409
Dream11	Virtual Grass Sign - End of Wicket	01:30:12	2	A	0.401	4	2	5412
Gillette	Virtual Grass Sign - End of Wicket - Gillette Venus	01:30:12	2	A	0.371	2	1	5412
GJ Gardner	Static Board	01:30:12	2	C	1.265	6	3	5412
KFC	Virtual Grass Sign - End of Wicket	01:30:12	2	A	0.967	2	1	5412
Oral B	Static Board	01:30:12	2	A	1.103	2	1	5412
Gillette	Playing Kit - Shirt Front - Venus	01:30:14	1	E	0.995	1	1	5414
Dream11	Playing Kit - Arm	01:30:15	4	E	0.805	4	1	5415
Dream11	Virtual Grass Sign - End of Wicket	01:30:19	1	B	6.336	1	1	5419
Gillette	Virtual Grass Sign - End of Wicket - Gillette Venus	01:30:19	1	C	4.965	1	1	5419
Gillette	Virtual Grass Sign - End of Wicket - Gillette Venus	01:30:21	2	C	1.658	2	1	5421
Dream11	Static Board - End of Wicket Signage	01:30:22	2	C	1.007	10	5	5422
Dream11	Virtual Grass Sign - End of Wicket	01:30:21	3	B	1.758	5	1.667	5421
KFC	Static Board - End of Wicket Signage	01:30:22	3	B	3.738	3	1	5422
Oral B	Static Board	01:30:22	3	B	3.402	3	1	5422
GJ Gardner	Static Board	01:30:25	1	B	7.970	2	2	5425
GJ Gardner	Static Board - Homes	01:30:25	2	A	3.460	4	2	5425
Dream11	Boundary Rope	01:30:25	3	A	0.905	24	8	5425
Ford	Boundary Rope	01:30:25	3	A	0.979	21	7	5425
KFC	Boundary Rope	01:30:25	3	A	0.974	18	6	5425
Oral B	Static Board	01:30:26	2	A	10.864	3	1.500	5426
GJ Gardner	Umpire Jersey Front	01:30:28	2	A	0.962	2	1	5428
GJ Gardner	Umpire Jersey Front - Homes	01:30:29	1	A	0.381	1	1	5429
Dream11	Playing Kit - Arm	01:30:33	1	A	0.805	1	1	5433
Dream11	Playing Kit - Shirt Front - Series Logo	01:30:32	2	A	0.457	2	1	5432
KFC	Playing Kit - Shirt Front - Series Logo	01:30:32	2	A	0.410	2	1	5432
Gillette	Playing Kit - Shirt Front - Venus	01:30:32	3	A	0.995	3	1	5432
GJ Gardner	Umpire Jersey Front	01:30:34	2	B	0.962	2	1	5434
GJ Gardner	Umpire Jersey Front - Homes	01:30:34	2	B	0.381	2	1	5434
Dream11	Virtual Grass Sign - End of Wicket	01:30:37	1	E	7.266	1	1	5437
Dream11	Playing Kit - Arm	01:30:47	5	A	0.805	5	1	5447
Dream11	Playing Kit - Shirt Front - Series Logo	01:30:48	4	A	0.457	4	1	5448
Gillette	Playing Kit - Shirt Front - Venus	01:30:47	5	A	0.995	5	1	5447
KFC	Playing Kit - Shirt Front - Series Logo	01:30:48	4	A	0.410	4	1	5448
Dream11	Virtual Grass Sign - End of Wicket	01:30:56	2	B	1.714	2	1	5456
Gillette	Virtual Grass Sign - End of Wicket - Gillette Venus	01:30:56	2	C	1.658	2	1	5456
GJ Gardner	Static Board	01:30:58	1	B	1.265	2	2	5458
GJ Gardner	Static Board - Homes	01:30:58	1	C	0.792	2	2	5458
Dream11	Boundary Rope	01:31:00	1	C	0.905	8	8	5460
Ford	Boundary Rope	01:31:00	1	C	0.979	7	7	5460
KFC	Boundary Rope	01:31:00	1	B	0.974	6	6	5460
GJ Gardner	Umpire Jersey Back	01:31:09	2	B	0.962	2	1	5469
Dream11	Playing Kit - Shirt Front - Series Logo	01:31:05	9	A	0.457	9	1	5465
Gillette	Playing Kit - Shirt Front - Venus	01:31:05	9	D	0.995	9	1	5465
KFC	Playing Kit - Shirt Front - Series Logo	01:31:05	9	A	0.410	9	1	5465
Dream11	Playing Kit - Arm	01:31:06	10	A	0.805	11	1.100	5466
Dream11	Static Board - End of Wicket Signage	01:31:26	3	B	1.007	15	5	5486
Dream11	Virtual Grass Sign - End of Wicket	01:31:24	5	B	1.714	11	2.200	5484
Gillette	Static Board - End of Wicket Signage	01:31:26	3	C	0.639	3	1	5486
Gillette	Virtual Grass Sign - End of Wicket - Gillette Venus	01:31:24	5	C	1.658	5	1	5484
GJ Gardner	Static Board	01:31:27	2	C	1.265	4	2	5487
GJ Gardner	Static Board - Homes	01:31:27	2	C	0.792	4	2	5487
KFC	Static Board - End of Wicket Signage	01:31:26	3	C	1.007	3	1	5486
KFC	Virtual Grass Sign - End of Wicket	01:31:26	3	E	2.106	3	1	5486
Dream11	Playing Kit - Arm	01:31:38	1	A	0.805	1	1	5498
Gillette	Playing Kit - Shirt Front - Venus	01:31:38	1	D	0.995	1	1	5498
GJ Gardner	Umpire Jersey Back	01:31:38	2	B	2.143	2	1	5498
Dream11	TVGI Series Text	01:32:12	10	B	1.423	10	1	5532
Dream11	Virtual Grass Sign - End of Wicket	01:32:22	3	C	2.423	3	1	5542
KFC	Virtual Grass Sign - End of Wicket	01:32:22	3	B	2.106	3	1	5542
TVNZ+	Microphone	01:32:32	6	A	1.037	6	1	5552
Dream11	Virtual Grass Sign - End of Wicket	01:32:38	4	C	2.423	4	1	5558
KFC	Virtual Grass Sign - End of Wicket	01:32:38	4	B	2.106	4	1	5558
TVNZ+	Microphone	01:32:44	12	A	1.037	12	1	5564
Dream11	Virtual Grass Sign - End of Wicket	01:32:56	4	B	2.211	5	1.250	5576
KFC	Virtual Grass Sign - End of Wicket	01:32:56	4	C	2.834	4	1	5576
Dream11	Virtual Grass Sign - End of Wicket	01:33:02	7	E	2.423	7	1	5582
KFC	Virtual Grass Sign - End of Wicket	01:33:04	5	C	2.106	5	1	5584
Gillette	Playing Kit - Shirt Front - Venus	01:33:09	7	A	0.995	7	1	5589
Dream11	Virtual Grass Sign - End of Wicket	01:33:20	4	C	6.854	4	1	5600
KFC	Virtual Grass Sign - End of Wicket	01:33:20	4	B	6.044	4	1	5600
Dream11	Boundary Rope	01:33:26	1	C	0.905	8	8	5606
Ford	Boundary Rope	01:33:26	1	B	0.979	7	7	5606
KFC	Boundary Rope	01:33:26	1	B	0.974	6	6	5606
GJ Gardner	Umpire Jersey Front	01:33:27	2	A	0.962	2	1	5607
GJ Gardner	Umpire Jersey Front - Homes	01:33:27	2	A	0.381	2	1	5607
		01:33:32	1	A	0.000	0	0	5612
GJ Gardner	Umpire Jersey Front	01:33:31	2	A	0.962	2	1	5611
GJ Gardner	Umpire Jersey Front - Homes	01:33:31	2	A	0.381	2	1	5611
TVNZ+	Microphone	01:33:47	13	A	1.037	13	1	5627
KFC	Virtual Grass Sign - End of Wicket	01:34:00	3	C	9.394	3	1	5640
Dream11	Static Board - End of Wicket Signage	01:34:03	1	A	1.007	5	5	5643
Gillette	Static Board - End of Wicket Signage	01:34:03	1	C	0.639	1	1	5643
KFC	Static Board - End of Wicket Signage	01:34:03	1	A	1.007	1	1	5643
Oral B	Static Board	01:34:03	1	B	1.103	2	2	5643
Dream11	Virtual Grass Sign - End of Wicket	01:34:00	5	B	1.714	6	1.200	5640
Gillette	Virtual Grass Sign - End of Wicket - Gillette Venus	01:34:03	2	A	1.658	3	1.500	5643
KFC	Virtual Grass Sign - End of Wicket	01:34:04	1	B	2.106	1	1	5644
Dream11	Boundary Rope	01:34:06	6	D	0.905	48	8	5646
Ford	Boundary Rope	01:34:06	6	D	0.979	42	7	5646
KFC	Boundary Rope	01:34:06	6	E	0.974	36	6	5646
Dream11	Static Board - End of Wicket Signage	01:34:08	7	A	16.947	18	2.571	5648
GJ Gardner	Umpire Jersey Front	01:34:16	1	B	0.962	1	1	5656
GJ Gardner	Umpire Jersey Front - Homes	01:34:16	1	B	0.381	1	1	5656
Dream11	Virtual Grass Sign - End of Wicket	01:34:19	1	E	6.336	1	1	5659
Gillette	Virtual Grass Sign - End of Wicket - Gillette Venus	01:34:19	1	D	5.871	1	1	5659
Dream11	Static Board - End of Wicket Signage	01:34:19	4	A	10.704	22	5.500	5659
Ford	Boundary Rope	01:34:22	1	A	0.979	7	7	5662
Dream11	Boundary Rope	01:34:22	4	A	2.780	32	8	5662
Dream11	Static Board - End of Wicket Signage	01:34:24	2	A	4.577	6	3	5664
KFC	Boundary Rope	01:34:22	4	E	1.582	15	3.750	5662
Dream11	Virtual Grass Sign - End of Wicket	01:34:27	8	C	3.450	8	1	5667
KFC	Virtual Grass Sign - End of Wicket	01:34:27	8	B	3.823	8	1	5667
TVNZ+	Microphone	01:34:40	3	A	1.037	3	1	5680
Dream11	Playing Kit - Arm	01:34:44	10	A	0.805	10	1	5684
Gillette	Playing Kit - Shirt Front - Venus	01:34:43	11	A	0.995	11	1	5683
KFC	Player Helmet	01:34:44	10	C	0.879	10	1	5684
Dream11	Boundary Rope	01:34:57	1	C	0.716	4	4	5697
Ford	Boundary Rope	01:34:57	1	C	0.979	4	4	5697
KFC	Boundary Rope	01:34:57	1	C	0.974	3	3	5697
Dream11	Virtual Grass Sign - End of Wicket	01:34:58	6	A	0.401	12	2	5698
Gillette	Virtual Grass Sign - End of Wicket - Gillette Venus	01:34:58	6	A	0.688	6	1	5698
KFC	Virtual Grass Sign - End of Wicket	01:34:58	6	A	0.683	6	1	5698
Dream11	TVGI Series Text	01:35:05	26	B	1.423	26	1	5705
Dream11	Playing Kit - Arm	01:35:44	4	A	0.805	8	2	5744
Dream11	Playing Kit - Shirt Front - Series Logo	01:35:44	4	A	0.457	4	1	5744
Gillette	Playing Kit - Shirt Front - Venus	01:35:44	4	A	0.995	4	1	5744
GJ Gardner	Umpire Jersey Front	01:35:47	1	E	0.962	1	1	5747
GJ Gardner	Umpire Jersey Front - Homes	01:35:47	1	E	0.306	1	1	5747
KFC	Playing Kit - Shirt Front - Series Logo	01:35:44	4	A	0.410	4	1	5744
KFC	Virtual Grass Sign - End of Wicket	01:35:44	4	D	30.110	4	1	5744
Dream11	Virtual Grass Sign - End of Wicket	01:35:48	1	B	1.714	1	1	5748
Gillette	Virtual Grass Sign - End of Wicket - Gillette Venus	01:35:48	1	C	1.658	1	1	5748
Dream11	Playing Kit - Arm	01:35:51	4	A	0.805	8	2	5751
Dream11	Playing Kit - Shirt Front - Series Logo	01:35:54	1	A	0.457	1	1	5754
Gillette	Playing Kit - Shirt Front - Venus	01:35:51	4	E	0.995	4	1	5751
KFC	Playing Kit - Shirt Front - Series Logo	01:35:54	1	A	0.410	1	1	5754
Dream11	Virtual Grass Sign - End of Wicket	01:35:56	3	B	1.714	3	1	5756
Gillette	Virtual Grass Sign - End of Wicket - Gillette Venus	01:35:56	3	C	1.658	3	1	5756
GJ Gardner	Umpire Jersey Back	01:36:02	1	A	0.962	1	1	5762
Dream11	Playing Kit - Arm	01:36:02	3	E	0.805	3	1	5762
Dream11	Playing Kit - Shirt Front - Series Logo	01:36:02	3	A	0.457	3	1	5762
KFC	Playing Kit - Shirt Front - Series Logo	01:36:02	3	E	0.410	3	1	5762
Dream11	Boundary Rope	01:36:06	2	B	0.905	16	8	5766
Ford	Boundary Rope	01:36:06	2	B	0.808	14	7	5766
KFC	Boundary Rope	01:36:06	2	B	0.974	12	6	5766
KFC	Virtual Grass Sign - End of Wicket	01:36:10	1	E	2.106	1	1	5770
Gillette	Virtual Grass Sign - End of Wicket - Gillette Venus	01:36:10	3	C	6.377	3	1	5770
Dream11	Virtual Grass Sign - End of Wicket	01:36:10	4	B	27.883	4	1	5770
GJ Gardner	Umpire Jersey Front	01:36:14	1	A	0.962	1	1	5774
GJ Gardner	Umpire Jersey Front - Homes	01:36:14	1	A	0.381	1	1	5774
Dream11	Playing Kit - Arm	01:36:15	5	E	0.805	10	2	5775
Dream11	Playing Kit - Shirt Front - Series Logo	01:36:17	3	A	0.457	3	1	5777
Gillette	Playing Kit - Shirt Front - Venus	01:36:15	5	A	0.995	5	1	5775
KFC	Playing Kit - Shirt Front - Series Logo	01:36:17	3	A	0.410	3	1	5777
Dream11	Static Board - End of Wicket Signage	01:36:20	5	A	0.517	25	5	5780
Dream11	Virtual Grass Sign - End of Wicket	01:36:20	5	A	0.670	15	3	5780
Gillette	Static Board - End of Wicket Signage	01:36:20	5	A	0.521	5	1	5780
Gillette	Virtual Grass Sign - End of Wicket - Gillette Venus	01:36:20	5	A	0.874	5	1	5780
GJ Gardner	Static Board	01:36:20	5	A	0.413	15	3	5780
KFC	Static Board - End of Wicket Signage	01:36:20	5	A	0.422	10	2	5780
KFC	Virtual Grass Sign - End of Wicket	01:36:20	5	A	2.106	5	1	5780
Oral B	Static Board	01:36:20	5	A	0.395	10	2	5780
GJ Gardner	Static Board	01:36:29	3	D	1.265	6	2	5789
Dream11	Boundary Rope	01:36:33	1	A	0.905	8	8	5793
Ford	Boundary Rope	01:36:33	1	A	0.979	7	7	5793
Gillette	Static Board - End of Wicket Signage	01:36:29	5	A	0.979	10	2	5789
Gillette	Static Board - End of Wicket Signage - With Exfoliating Lab	01:36:29	5	A	0.619	10	2	5789
GJ Gardner	Static Board - Homes	01:36:29	5	D	0.792	10	2	5789
KFC	Boundary Rope	01:36:33	1	A	0.974	6	6	5793
KFC	Static Board - End of Wicket Signage	01:36:29	5	E	1.007	10	2	5789
Dream11	Virtual Grass Sign - End of Wicket	01:36:34	2	B	6.336	2	1	5794
Gillette	Virtual Grass Sign - End of Wicket - Gillette Venus	01:36:34	2	C	5.871	2	1	5794
GJ Gardner	Static Board	01:36:36	1	B	1.265	2	2	5796
GJ Gardner	Static Board - Homes	01:36:36	1	B	0.792	2	2	5796
GJ Gardner	Umpire Jersey Front	01:36:43	1	A	0.962	1	1	5803
GJ Gardner	Umpire Jersey Front - Homes	01:36:43	1	A	0.381	1	1	5803
Dream11	Playing Kit - Shirt Front - Series Logo	01:36:44	2	A	0.457	2	1	5804
Gillette	Playing Kit - Shirt Front - Venus	01:36:44	2	A	0.995	2	1	5804
KFC	Playing Kit - Shirt Front - Series Logo	01:36:44	2	A	0.410	2	1	5804
Dream11	Playing Kit - Arm	01:36:44	3	A	0.805	5	1.667	5804
Dream11	Boundary Rope	01:36:55	3	E	0.905	24	8	5815
Ford	Boundary Rope	01:36:55	3	E	0.979	21	7	5815
KFC	Boundary Rope	01:36:55	3	E	0.974	18	6	5815
KFC	Virtual Grass Sign - End of Wicket	01:37:07	1	B	2.106	1	1	5827
Gillette	Virtual Grass Sign - End of Wicket - Gillette Venus	01:37:08	5	C	1.658	5	1	5828
Dream11	Virtual Grass Sign - End of Wicket	01:37:07	7	C	1.714	7	1	5827
Oral B	Static Board	01:37:12	2	B	1.103	4	2	5832
Dream11	Boundary Rope	01:37:14	1	A	0.905	8	8	5834
Dream11	Static Board - End of Wicket Signage	01:37:12	3	C	4.577	15	5	5832
Ford	Boundary Rope	01:37:14	1	A	0.979	7	7	5834
KFC	Boundary Rope	01:37:14	1	A	0.974	6	6	5834
KFC	Static Board - End of Wicket Signage	01:37:12	3	B	4.171	3	1	5832
Dream11	Virtual Grass Sign - End of Wicket	01:37:15	3	B	1.714	3	1	5835
Gillette	Virtual Grass Sign - End of Wicket - Gillette Venus	01:37:15	3	C	1.658	3	1	5835
Dream11	Playing Kit - Arm	01:37:18	3	E	0.805	3	1	5838
Dream11	Playing Kit - Shirt Front - Series Logo	01:37:18	3	A	0.457	3	1	5838
Gillette	Playing Kit - Shirt Front - Venus	01:37:18	3	A	0.995	3	1	5838
KFC	Playing Kit - Shirt Front - Series Logo	01:37:18	3	A	0.410	3	1	5838
Dream11	Virtual Grass Sign - End of Wicket	01:37:22	3	B	2.829	3	1	5842
Gillette	Virtual Grass Sign - End of Wicket - Gillette Venus	01:37:22	3	C	2.865	3	1	5842
Dream11	Virtual Grass Sign - End of Wicket	01:37:36	2	B	2.724	2	1	5856
Gillette	Virtual Grass Sign - End of Wicket - Gillette Venus	01:37:36	2	C	1.658	2	1	5856
Dream11	Virtual Grass Sign - End of Wicket	01:37:41	1	B	1.714	1	1	5861
Gillette	Virtual Grass Sign - End of Wicket - Gillette Venus	01:37:41	1	C	1.658	1	1	5861
Dream11	Boundary Rope	01:37:42	1	C	0.905	8	8	5862
Ford	Boundary Rope	01:37:42	1	B	0.979	7	7	5862
KFC	Boundary Rope	01:37:42	1	B	0.974	6	6	5862
GJ Gardner	Umpire Jersey Front	01:38:28	6	A	0.962	6	1	5908
GJ Gardner	Umpire Jersey Front - Homes	01:38:28	6	A	0.381	6	1	5908
Dream11	Virtual Grass Sign - End of Wicket	01:38:38	1	B	1.714	1	1	5918
Gillette	Virtual Grass Sign - End of Wicket - Gillette Venus	01:38:38	1	C	1.658	1	1	5918
Dream11	Virtual Grass Sign - End of Wicket	01:38:40	2	B	6.336	2	1	5920
Gillette	Virtual Grass Sign - End of Wicket - Gillette Venus	01:38:40	4	C	2.467	4	1	5920
Dream11	Boundary Rope	01:38:41	5	C	0.905	40	8	5921
Dream11	Static Board - End of Wicket Signage	01:38:42	4	B	4.254	24	6	5922
Ford	Boundary Rope	01:38:41	5	B	0.979	35	7	5921
KFC	Boundary Rope	01:38:41	5	B	0.974	30	6	5921
KFC	Static Board - End of Wicket Signage	01:38:42	4	C	3.747	4	1	5922
Dream11	Virtual Grass Sign - End of Wicket	01:38:46	2	B	2.601	2	1	5926
Gillette	Virtual Grass Sign - End of Wicket - Gillette Venus	01:38:46	2	C	2.753	2	1	5926
GJ Gardner	Umpire Jersey Front	01:38:53	1	B	0.962	1	1	5933
GJ Gardner	Umpire Jersey Front - Homes	01:38:53	1	B	0.381	1	1	5933
Gillette	Virtual Grass Sign - End of Wicket - Gillette Venus	01:38:56	1	D	8.350	1	1	5936
Dream11	Static Board - End of Wicket Signage	01:39:09	1	C	1.007	5	5	5949
Dream11	Virtual Grass Sign - End of Wicket	01:39:07	3	B	1.714	4	1.333	5947
Gillette	Virtual Grass Sign - End of Wicket - Gillette Venus	01:39:07	3	C	1.658	3	1	5947
Gillette	Static Board - End of Wicket Signage	01:39:10	1	B	0.979	1	1	5950
Gillette	Static Board - End of Wicket Signage - With Exfoliating Lab	01:39:10	1	B	0.619	1	1	5950
KFC	Static Board - End of Wicket Signage	01:39:09	2	C	1.007	2	1	5949
GJ Gardner	Static Board	01:39:10	2	C	1.265	4	2	5950
GJ Gardner	Static Board - Homes	01:39:10	2	C	0.792	4	2	5950
GJ Gardner	Umpire Jersey Front	01:39:17	2	C	0.962	2	1	5957
GJ Gardner	Umpire Jersey Front - Homes	01:39:18	1	B	0.381	1	1	5958
Dream11	Playing Kit - Shirt Front - Series Logo	01:39:21	1	A	0.457	1	1	5961
Gillette	Playing Kit - Shirt Front - Venus	01:39:21	1	D	0.995	1	1	5961
KFC	Playing Kit - Shirt Front - Series Logo	01:39:21	1	A	0.410	1	1	5961
Dream11	Playing Kit - Arm	01:39:22	1	A	0.805	1	1	5962
GJ Gardner	Umpire Jersey Front	01:39:23	2	A	0.962	2	1	5963
Gillette	Playing Kit - Shirt Front - Venus	01:39:56	2	A	0.995	2	1	5996
Dream11	Playing Kit - Arm	01:39:59	4	A	0.805	4	1	5999
Dream11	Virtual Grass Sign - End of Wicket	01:40:13	4	B	6.339	4	1	6013
KFC	Virtual Grass Sign - End of Wicket	01:40:13	4	C	12.766	4	1	6013
Dream11	Virtual Grass Sign - End of Wicket	01:40:22	7	B	2.423	7	1	6022
KFC	Virtual Grass Sign - End of Wicket	01:40:22	7	C	2.106	7	1	6022
Dream11	Playing Kit - Arm	01:40:30	1	A	0.805	1	1	6030
Dream11	Playing Kit - Shirt Front - Series Logo	01:40:30	1	A	0.457	1	1	6030
Gillette	Playing Kit - Shirt Front - Venus	01:40:30	1	A	0.995	1	1	6030
GJ Gardner	Umpire Jersey Front	01:40:30	1	B	0.962	1	1	6030
GJ Gardner	Umpire Jersey Front - Homes	01:40:30	1	B	0.381	1	1	6030
KFC	Playing Kit - Shirt Front - Series Logo	01:40:30	1	A	0.410	1	1	6030
Dream11	Virtual Grass Sign - End of Wicket	01:40:31	6	C	14.314	6	1	6031
KFC	Virtual Grass Sign - End of Wicket	01:40:31	6	B	13.768	6	1	6031
Dream11	Virtual Grass Sign - End of Wicket	01:40:39	7	C	14.314	7	1	6039
KFC	Virtual Grass Sign - End of Wicket	01:40:39	7	B	13.768	7	1	6039
Dream11	Boundary Rope	01:40:46	1	A	0.905	8	8	6046
Dream11	Static Board - End of Wicket Signage	01:40:46	1	E	3.936	5	5	6046
Ford	Boundary Rope	01:40:46	1	A	0.979	7	7	6046
GJ Gardner	Umpire Jersey Front	01:40:46	1	A	0.962	1	1	6046
GJ Gardner	Umpire Jersey Front - Homes	01:40:46	1	A	0.381	1	1	6046
KFC	Boundary Rope	01:40:46	1	A	0.974	6	6	6046
KFC	Static Board - End of Wicket Signage	01:40:46	1	A	4.171	1	1	6046
Dream11	Virtual Grass Sign - End of Wicket	01:40:48	8	B	2.297	8	1	6048
KFC	Virtual Grass Sign - End of Wicket	01:40:48	8	C	2.072	8	1	6048
Dream11	Virtual Grass Sign - End of Wicket	01:40:57	1	B	2.297	1	1	6057
KFC	Virtual Grass Sign - End of Wicket	01:40:57	1	C	2.072	1	1	6057
Dream11	Playing Kit - Shirt Front - Series Logo	01:41:00	2	A	0.457	2	1	6060
Gillette	Playing Kit - Shirt Front - Venus	01:41:00	2	A	0.995	2	1	6060
KFC	Playing Kit - Shirt Front - Series Logo	01:41:00	2	A	0.410	2	1	6060
Dream11	Playing Kit - Arm	01:41:00	3	A	0.805	3	1	6060
Dream11	Playing Kit - Arm	01:41:07	3	A	0.805	3	1	6067
GJ Gardner	Umpire Jersey Front	01:41:07	3	E	0.962	3	1	6067
Dream11	Virtual Grass Sign - End of Wicket	01:41:10	5	B	2.423	5	1	6070
KFC	Virtual Grass Sign - End of Wicket	01:41:10	5	C	2.106	5	1	6070
Dream11	Playing Kit - Arm	01:41:23	4	A	0.805	4	1	6083
Dream11	Playing Kit - Shirt Front - Series Logo	01:41:25	2	A	0.457	2	1	6085
Gillette	Playing Kit - Shirt Front - Venus	01:41:24	3	A	0.995	3	1	6084
KFC	Playing Kit - Shirt Front - Series Logo	01:41:25	2	A	0.410	2	1	6085
Dream11	Virtual Grass Sign - End of Wicket	01:41:27	10	B	0.401	20	2	6087
Gillette	Virtual Grass Sign - End of Wicket - Gillette Venus	01:41:27	10	B	0.688	10	1	6087
KFC	Virtual Grass Sign - End of Wicket	01:41:27	10	B	0.683	10	1	6087
Oral B	Static Board	01:41:36	1	A	1.103	4	4	6096
Dream11	Playing Kit - Arm	01:41:39	1	A	0.805	2	2	6099
Dream11	Playing Kit - Shirt Front - Series Logo	01:41:38	2	A	0.457	2	1	6098
Gillette	Playing Kit - Shirt Front - Venus	01:41:37	3	A	0.995	3	1	6097
GJ Gardner	Umpire Jersey Front	01:41:37	3	A	0.962	3	1	6097
GJ Gardner	Umpire Jersey Front - Homes	01:41:37	3	A	0.381	3	1	6097
KFC	Playing Kit - Shirt Front - Series Logo	01:41:38	2	A	0.410	2	1	6098
Dream11	Virtual Grass Sign - End of Wicket	01:41:40	4	B	2.423	4	1	6100
KFC	Virtual Grass Sign - End of Wicket	01:41:40	4	C	2.106	4	1	6100
GJ Gardner	Static Board	01:41:44	1	A	1.265	2	2	6104
GJ Gardner	Static Board - Homes	01:41:44	1	A	0.792	2	2	6104
Oral B	Static Board	01:41:44	1	C	1.103	3	3	6104
Dream11	Virtual Grass Sign - End of Wicket	01:41:50	3	B	2.423	3	1	6110
KFC	Virtual Grass Sign - End of Wicket	01:41:50	3	C	2.106	3	1	6110
Gillette	Playing Kit - Shirt Front - Venus	01:41:53	1	A	0.995	1	1	6113
Dream11	Virtual Grass Sign - End of Wicket	01:42:06	3	B	2.423	3	1	6126
KFC	Virtual Grass Sign - End of Wicket	01:42:06	3	C	2.106	3	1	6126
Dream11	Virtual Grass Sign - End of Wicket	01:42:13	2	B	2.423	2	1	6133
KFC	Virtual Grass Sign - End of Wicket	01:42:13	2	C	2.106	2	1	6133
Gillette	Playing Kit - Shirt Front - Venus	01:42:31	2	A	0.995	2	1	6151
KFC	Virtual Grass Sign - End of Wicket	01:42:33	2	A	0.683	2	1	6153
Dream11	Virtual Grass Sign - End of Wicket	01:42:33	3	A	0.692	5	1.667	6153
Dream11	TVGI Series Text	01:42:36	32	B	1.423	32	1	6156
Dream11	Virtual Grass Sign - End of Wicket	01:43:08	1	A	0.401	2	2	6188
Gillette	Virtual Grass Sign - End of Wicket - Gillette Venus	01:43:08	1	E	0.688	1	1	6188
KFC	Virtual Grass Sign - End of Wicket	01:43:08	1	A	0.683	1	1	6188
Gillette	Playing Kit - Shirt Front - Venus	01:43:09	1	A	0.995	1	1	6189
Gillette	Playing Kit - Shirt Front - Venus	01:43:11	1	A	0.995	1	1	6191
Dream11	Static Board - End of Wicket Signage	01:43:33	2	C	0.979	10	5	6213
Dream11	Virtual Grass Sign - End of Wicket	01:43:30	5	B	1.714	7	1.400	6210
Gillette	Virtual Grass Sign - End of Wicket - Gillette Venus	01:43:30	5	C	1.658	5	1	6210
Dream11	Boundary Rope	01:43:35	1	A	0.905	8	8	6215
Ford	Boundary Rope	01:43:35	1	A	0.979	7	7	6215
Gillette	Static Board - End of Wicket Signage	01:43:35	1	C	5.608	1	1	6215
Gillette	Static Board - End of Wicket Signage - With Exfoliating Lab	01:43:35	1	C	3.087	1	1	6215
KFC	Boundary Rope	01:43:35	1	A	0.974	6	6	6215
GJ Gardner	Static Board	01:43:36	1	B	1.265	2	2	6216
GJ Gardner	Static Board - Homes	01:43:36	1	A	0.792	2	2	6216
Dream11	Boundary Rope	01:43:37	1	A	0.905	8	8	6217
Ford	Boundary Rope	01:43:37	1	A	0.979	7	7	6217
KFC	Boundary Rope	01:43:37	1	A	0.974	6	6	6217
KFC	Static Board - End of Wicket Signage	01:43:33	5	C	1.007	5	1	6213
Oral B	Static Board	01:43:36	2	A	1.103	4	2	6216
Dream11	Static Board - End of Wicket Signage	01:43:36	4	C	4.318	18	4.500	6216
GJ Gardner	Umpire Jersey Front	01:43:40	3	A	0.962	3	1	6220
GJ Gardner	Umpire Jersey Front - Homes	01:43:40	3	A	0.381	3	1	6220
Dream11	Playing Kit - Arm	01:43:43	3	E	0.805	3	1	6223
Dream11	Virtual Grass Sign - End of Wicket	01:43:47	2	B	3.223	2	1	6227
Gillette	Virtual Grass Sign - End of Wicket - Gillette Venus	01:43:47	2	C	3.715	2	1	6227
Dream11	Playing Kit - Arm	01:43:59	3	E	0.805	6	2	6239
Dream11	Playing Kit - Arm	01:44:03	2	A	0.805	2	1	6243
KFC	Virtual Grass Sign - End of Wicket	01:44:05	2	A	33.018	2	1	6245
Dream11	Boundary Rope	01:44:07	1	C	0.905	8	8	6247
Ford	Boundary Rope	01:44:07	1	B	0.919	7	7	6247
KFC	Boundary Rope	01:44:07	1	B	0.974	6	6	6247
Dream11	Playing Kit - Arm	01:44:10	5	A	0.805	10	2	6250
Dream11	Playing Kit - Shirt Front - Series Logo	01:44:10	5	A	0.457	5	1	6250
Gillette	Playing Kit - Shirt Front - Venus	01:44:10	5	A	0.995	5	1	6250
GJ Gardner	Umpire Jersey Front	01:44:13	2	E	0.962	2	1	6253
GJ Gardner	Umpire Jersey Front - Homes	01:44:13	2	E	0.381	2	1	6253
KFC	Playing Kit - Shirt Front - Series Logo	01:44:10	5	A	0.410	5	1	6250
Dream11	Static Board - End of Wicket Signage	01:44:17	2	B	1.007	10	5	6257
Dream11	Virtual Grass Sign - End of Wicket	01:44:15	4	B	1.714	4	1	6255
Gillette	Virtual Grass Sign - End of Wicket - Gillette Venus	01:44:15	4	C	1.658	4	1	6255
GJ Gardner	Static Board	01:44:18	1	B	1.265	2	2	6258
KFC	Static Board - End of Wicket Signage	01:44:17	2	B	1.782	2	1	6257
Oral B	Static Board	01:44:17	2	B	1.103	2	1	6257
KFC	Virtual Grass Sign - End of Wicket	01:44:34	3	A	2.106	3	1	6274
GJ Gardner	Static Board - Homes	01:44:39	1	B	0.792	2	2	6279
Dream11	Static Board - End of Wicket Signage	01:44:39	2	C	1.007	10	5	6279
Gillette	Virtual Grass Sign - End of Wicket - Gillette Venus	01:44:34	7	A	1.658	7	1	6274
GJ Gardner	Static Board	01:44:39	2	B	1.187	4	2	6279
KFC	Static Board - End of Wicket Signage	01:44:39	2	C	1.007	2	1	6279
Oral B	Static Board	01:44:39	2	B	1.103	2	1	6279
Dream11	Virtual Grass Sign - End of Wicket	01:44:34	8	A	0.959	11	1.375	6274
KFC	Virtual Grass Sign - End of Wicket	01:44:39	3	D	2.106	3	1	6279
Dream11	Boundary Rope	01:44:44	2	C	0.905	16	8	6284
Dream11	Playing Kit - Shirt Front - Series Logo	01:44:45	1	B	0.457	1	1	6285
Ford	Boundary Rope	01:44:44	2	A	0.979	14	7	6284
Gillette	Playing Kit - Shirt Front - Venus	01:44:45	1	B	0.995	1	1	6285
KFC	Boundary Rope	01:44:44	2	A	0.974	12	6	6284
KFC	Playing Kit - Shirt Front - Series Logo	01:44:45	1	B	0.410	1	1	6285
Dream11	Playing Kit - Arm	01:44:46	1	A	0.805	1	1	6286
GJ Gardner	Umpire Jersey Front	01:44:50	1	B	0.962	1	1	6290
GJ Gardner	Umpire Jersey Front - Homes	01:44:50	1	B	0.381	1	1	6290
KFC	Virtual Grass Sign - End of Wicket	01:44:52	1	B	2.106	1	1	6292
Dream11	Virtual Grass Sign - End of Wicket	01:45:03	2	B	3.992	2	1	6303
Gillette	Virtual Grass Sign - End of Wicket - Gillette Venus	01:45:03	2	C	1.372	2	1	6303
Dream11	Static Board - End of Wicket Signage	01:45:06	3	B	1.007	15	5	6306
Dream11	Virtual Grass Sign - End of Wicket	01:45:06	3	A	1.714	6	2	6306
Gillette	Static Board - End of Wicket Signage	01:45:06	3	C	0.639	3	1	6306
Gillette	Virtual Grass Sign - End of Wicket - Gillette Venus	01:45:06	3	A	1.658	3	1	6306
GJ Gardner	Static Board	01:45:07	2	C	1.265	4	2	6307
KFC	Static Board - End of Wicket Signage	01:45:06	3	C	1.007	3	1	6306
KFC	Virtual Grass Sign - End of Wicket	01:45:07	2	E	2.106	2	1	6307
Dream11	Boundary Rope	01:45:09	2	A	0.905	16	8	6309
Ford	Boundary Rope	01:45:09	2	A	0.979	14	7	6309
KFC	Boundary Rope	01:45:09	2	A	0.974	12	6	6309
Oral B	Static Board	01:45:09	2	B	6.498	4	2	6309
Dream11	Virtual Grass Sign - End of Wicket	01:45:11	4	B	1.714	4	1	6311
Gillette	Virtual Grass Sign - End of Wicket - Gillette Venus	01:45:11	4	C	1.658	4	1	6311
GJ Gardner	Umpire Jersey Front	01:45:15	1	C	0.962	1	1	6315
GJ Gardner	Umpire Jersey Front - Homes	01:45:15	1	C	0.381	1	1	6315
Dream11	Playing Kit - Arm	01:45:17	5	A	0.805	10	2	6317
Dream11	Playing Kit - Shirt Front - Series Logo	01:45:17	5	A	0.457	5	1	6317
Gillette	Playing Kit - Shirt Front - Venus	01:45:17	5	A	0.995	5	1	6317
KFC	Playing Kit - Shirt Front - Series Logo	01:45:17	5	A	0.410	5	1	6317
Dream11	Virtual Grass Sign - End of Wicket	01:45:22	3	D	0.401	6	2	6322
Gillette	Virtual Grass Sign - End of Wicket - Gillette Venus	01:45:22	3	D	0.371	3	1	6322
KFC	Virtual Grass Sign - End of Wicket	01:45:22	3	A	0.967	3	1	6322
Dream11	Virtual Grass Sign - End of Wicket	01:45:28	2	B	1.470	2	1	6328
Gillette	Virtual Grass Sign - End of Wicket - Gillette Venus	01:45:28	2	C	1.337	2	1	6328
Gillette	Playing Kit - Shirt Front - Venus	01:45:33	1	E	0.995	1	1	6333
Dream11	Playing Kit - Arm	01:45:35	4	E	0.805	4	1	6335
Dream11	Playing Kit - Shirt Front - Series Logo	01:45:35	4	A	0.457	4	1	6335
Gillette	Playing Kit - Shirt Front - Venus	01:45:35	4	E	0.995	4	1	6335
KFC	Playing Kit - Shirt Front - Series Logo	01:45:35	4	A	0.410	4	1	6335
Dream11	Virtual Grass Sign - End of Wicket	01:45:39	3	B	6.336	3	1	6339
Gillette	Virtual Grass Sign - End of Wicket - Gillette Venus	01:45:39	3	C	4.394	3	1	6339
Gillette	Static Board - End of Wicket Signage - With Exfoliating Lab	01:45:55	2	C	0.619	2	1	6355
Gillette	Static Board - End of Wicket Signage	01:45:55	3	C	0.979	3	1	6355
Dream11	Static Board - End of Wicket Signage	01:45:55	6	B	1.007	30	5	6355
Dream11	Virtual Grass Sign - End of Wicket	01:45:52	9	B	0.769	15	1.667	6352
Gillette	Virtual Grass Sign - End of Wicket - Gillette Venus	01:45:52	9	C	0.734	9	1	6352
GJ Gardner	Static Board	01:45:56	5	C	1.265	10	2	6356
KFC	Static Board - End of Wicket Signage	01:45:55	6	C	1.007	6	1	6355
KFC	Virtual Grass Sign - End of Wicket	01:45:57	4	E	2.106	4	1	6357
Oral B	Static Board	01:45:58	3	B	0.346	3	1	6358
Dream11	Virtual Grass Sign - End of Wicket	01:46:10	2	B	6.336	2	1	6370
Gillette	Virtual Grass Sign - End of Wicket - Gillette Venus	01:46:10	2	C	5.871	2	1	6370
Dream11	Virtual Grass Sign - End of Wicket	01:46:14	6	B	4.371	6	1	6374
Gillette	Virtual Grass Sign - End of Wicket - Gillette Venus	01:46:14	6	C	5.871	6	1	6374
Gillette	Playing Kit - Shirt Front - Venus	01:46:26	1	E	0.995	1	1	6386
Dream11	Playing Kit - Arm	01:46:27	3	A	0.805	3	1	6387
Dream11	Playing Kit - Shirt Front - Series Logo	01:46:28	2	E	0.457	2	1	6388
Gillette	Playing Kit - Shirt Front - Venus	01:46:28	2	A	0.995	2	1	6388
GJ Gardner	Umpire Jersey Back	01:46:29	1	C	1.223	1	1	6389
GJ Gardner	Umpire Jersey Back - Homes	01:46:29	1	A	0.502	1	1	6389
KFC	Playing Kit - Shirt Front - Series Logo	01:46:28	2	A	0.410	2	1	6388
Dream11	Static Board - End of Wicket Signage	01:47:12	3	C	1.007	16	5.333	6432
Dream11	Virtual Grass Sign - End of Wicket	01:47:09	6	C	0.662	8	1.333	6429
Gillette	Virtual Grass Sign - End of Wicket - Gillette Venus	01:47:13	2	E	1.556	2	1	6433
GJ Gardner	Static Board	01:47:13	2	D	0.513	4	2	6433
KFC	Static Board - End of Wicket Signage	01:47:13	2	A	1.007	2	1	6433
KFC	Virtual Grass Sign - End of Wicket	01:47:09	6	B	0.937	6	1	6429
Oral B	Static Board	01:47:13	2	E	1.103	4	2	6433
Dream11	Static Board - End of Wicket Signage	01:47:16	1	E	4.577	5	5	6436
Dream11	Boundary Rope	01:47:16	3	D	0.905	24	8	6436
Dream11	Playing Kit - Arm	01:47:17	2	A	0.805	2	1	6437
Ford	Boundary Rope	01:47:16	3	D	0.979	21	7	6436
KFC	Boundary Rope	01:47:16	3	E	0.974	18	6	6436
Gillette	Stumps - Venus	01:47:20	1	D	1.018	4	4	6440
Dream11	Static Board - End of Wicket Signage	01:47:21	1	B	4.577	5	5	6441
KFC	Boundary Rope	01:47:21	1	A	2.042	4	4	6441
KFC	Static Board - End of Wicket Signage	01:47:20	2	C	4.171	2	1	6440
Dream11	Playing Kit - Arm	01:47:22	8	A	0.805	20	2.500	6442
KFC	Playing Kit - Cap	01:47:27	3	A	0.879	6	2	6447
Dream11	Playing Kit - Arm	01:47:45	1	B	0.805	1	1	6465
Dream11	Playing Kit - Shirt Front - Series Logo	01:47:45	1	A	0.457	1	1	6465
Gillette	Playing Kit - Shirt Front - Venus	01:47:44	2	E	0.995	2	1	6464
KFC	Playing Kit - Shirt Front - Series Logo	01:47:45	1	A	0.410	1	1	6465
Dream11	Playing Kit - Arm	01:47:48	2	B	0.805	6	3	6468
Dream11	Playing Kit - Shirt Front - Series Logo	01:47:48	2	A	0.457	2	1	6468
Gillette	Playing Kit - Shirt Front - Venus	01:47:48	2	A	0.995	2	1	6468
KFC	Playing Kit - Shirt Front - Series Logo	01:47:48	2	A	0.410	2	1	6468
GJ Gardner	Umpire Jersey Front	01:48:45	4	A	0.962	4	1	6525
GJ Gardner	Umpire Jersey Front - Homes	01:48:45	4	A	0.381	4	1	6525
Dream11	Playing Kit - Arm	01:48:49	1	A	0.805	2	2	6529
Dream11	Playing Kit - Shirt Front - Series Logo	01:48:45	5	A	0.457	5	1	6525
Gillette	Playing Kit - Shirt Front - Venus	01:48:45	5	D	0.995	5	1	6525
KFC	Playing Kit - Shirt Front - Series Logo	01:48:45	5	A	0.410	5	1	6525
Dream11	Virtual Grass Sign - End of Wicket	01:48:50	3	C	13.389	3	1	6530
KFC	Virtual Grass Sign - End of Wicket	01:48:50	4	B	2.106	4	1	6530
Dream11	Boundary Rope	01:49:04	2	A	0.905	16	8	6544
Ford	Boundary Rope	01:49:04	2	A	0.979	14	7	6544
Gillette	Static Board - End of Wicket Signage	01:49:04	2	D	5.608	2	1	6544
Gillette	Static Board - End of Wicket Signage - With Exfoliating Lab	01:49:04	2	A	3.087	2	1	6544
KFC	Boundary Rope	01:49:04	2	A	0.974	12	6	6544
KFC	Static Board - End of Wicket Signage	01:49:04	2	A	4.171	2	1	6544
Dream11	Boundary Rope	01:49:07	1	A	0.905	8	8	6547
Dream11	Static Board - End of Wicket Signage	01:49:07	1	E	1.590	5	5	6547
Ford	Boundary Rope	01:49:07	1	A	0.979	7	7	6547
Gillette	Static Board - End of Wicket Signage	01:49:07	1	A	1.355	1	1	6547
KFC	Boundary Rope	01:49:07	1	A	0.974	6	6	6547
KFC	Static Board - End of Wicket Signage	01:49:07	3	A	18.009	3	1	6547
Dream11	Boundary Rope	01:49:13	5	D	0.905	20	4	6553
Dream11	Static Board - End of Wicket Signage	01:49:12	6	E	4.577	30	5	6552
Ford	Boundary Rope	01:49:13	5	A	0.979	20	4	6553
Gillette	Stumps - Venus	01:49:15	3	C	1.018	12	4	6555
KFC	Boundary Rope	01:49:13	5	A	0.974	15	3	6553
KFC	Static Board - End of Wicket Signage	01:49:12	6	D	6.342	6	1	6552
Dream11	Virtual Grass Sign - End of Wicket	01:49:19	3	B	6.336	3	1	6559
Gillette	Virtual Grass Sign - End of Wicket - Gillette Venus	01:49:19	3	C	5.871	3	1	6559
Dream11	Virtual Grass Sign - End of Wicket	01:49:26	4	B	2.423	4	1	6566
KFC	Virtual Grass Sign - End of Wicket	01:49:26	4	C	2.106	4	1	6566
Dream11	Playing Kit - Arm	01:49:30	10	A	0.805	13	1.300	6570
Dream11	Playing Kit - Shirt Front - Series Logo	01:49:35	5	A	0.457	5	1	6575
Gillette	Playing Kit - Shirt Front - Venus	01:49:31	9	A	0.995	9	1	6571
KFC	Playing Kit - Shirt Front - Series Logo	01:49:35	5	A	0.410	5	1	6575
Gillette	Virtual Grass Sign - End of Wicket - Gillette Venus	01:49:40	3	C	1.658	3	1	6580
KFC	Virtual Grass Sign - End of Wicket	01:49:43	1	B	13.780	1	1	6583
Dream11	Static Board - End of Wicket Signage	01:49:44	1	B	1.007	5	5	6584
Dream11	Virtual Grass Sign - End of Wicket	01:49:40	5	B	1.714	5	1	6580
KFC	Static Board - End of Wicket Signage	01:49:44	1	C	1.007	1	1	6584
GJ Gardner	Static Board	01:49:45	1	C	1.265	2	2	6585
GJ Gardner	Static Board - Homes	01:49:45	1	C	0.792	2	2	6585
Oral B	Static Board	01:49:44	2	B	1.103	4	2	6584
Dream11	Boundary Rope	01:49:46	5	C	0.905	40	8	6586
Ford	Boundary Rope	01:49:46	5	B	0.979	35	7	6586
KFC	Boundary Rope	01:49:46	5	B	0.974	30	6	6586
Dream11	Virtual Grass Sign - End of Wicket	01:49:51	3	C	14.314	3	1	6591
KFC	Virtual Grass Sign - End of Wicket	01:49:51	3	B	13.780	3	1	6591
Dream11	Playing Kit - Arm	01:49:54	5	A	0.805	5	1	6594
KFC	Playing Kit - Cap	01:49:54	6	C	0.879	6	1	6594
Dream11	Virtual Grass Sign - End of Wicket	01:50:03	3	B	4.593	3	1	6603
Gillette	Virtual Grass Sign - End of Wicket - Gillette Venus	01:50:03	3	C	3.514	3	1	6603
GJ Gardner	Umpire Jersey Back	01:50:06	2	B	1.223	2	1	6606
GJ Gardner	Umpire Jersey Back - Homes	01:50:06	2	E	0.502	2	1	6606
Dream11	Playing Kit - Arm	01:50:06	3	A	0.805	5	1.667	6606
Dream11	Playing Kit - Shirt Front - Series Logo	01:50:06	3	A	0.457	3	1	6606
Gillette	Playing Kit - Shirt Front - Venus	01:50:06	3	A	0.995	3	1	6606
KFC	Playing Kit - Shirt Front - Series Logo	01:50:06	3	A	0.410	3	1	6606
Dream11	Virtual Grass Sign - End of Wicket	01:50:09	3	C	3.876	3	1	6609
KFC	Virtual Grass Sign - End of Wicket	01:50:09	3	B	3.053	3	1	6609
Dream11	Virtual Grass Sign - End of Wicket	01:50:22	5	C	13.084	5	1	6622
KFC	Virtual Grass Sign - End of Wicket	01:50:22	5	B	13.780	5	1	6622
Gillette	Virtual Grass Sign - End of Wicket - Gillette Venus	01:50:29	1	C	5.871	1	1	6629
Dream11	Virtual Grass Sign - End of Wicket	01:50:29	2	B	14.314	2	1	6629
KFC	Virtual Grass Sign - End of Wicket	01:50:30	1	B	13.780	1	1	6630
GJ Gardner	Umpire Jersey Back	01:50:32	1	E	1.223	1	1	6632
GJ Gardner	Umpire Jersey Back - Homes	01:50:32	1	E	0.502	1	1	6632
Dream11	Playing Kit - Arm	01:50:34	13	A	0.805	26	2	6634
Dream11	Playing Kit - Shirt Front - Series Logo	01:50:34	13	A	0.457	13	1	6634
Gillette	Playing Kit - Shirt Front - Venus	01:50:34	13	A	0.995	13	1	6634
KFC	Playing Kit - Shirt Front - Series Logo	01:50:34	13	A	0.410	13	1	6634
Dream11	TVGI Series Text	01:50:51	27	B	1.423	27	1	6651
Dream11	Static Board - End of Wicket Signage	01:51:26	4	C	1.007	20	5	6686
Dream11	Virtual Grass Sign - End of Wicket	01:51:23	7	B	1.714	11	1.571	6683
Gillette	Static Board - End of Wicket Signage	01:51:26	4	C	0.639	4	1	6686
Gillette	Virtual Grass Sign - End of Wicket - Gillette Venus	01:51:23	7	C	1.658	7	1	6683
KFC	Static Board - End of Wicket Signage	01:51:26	4	C	1.007	4	1	6686
KFC	Virtual Grass Sign - End of Wicket	01:51:28	2	E	2.106	2	1	6688
Dream11	Playing Kit - Arm	01:51:31	1	E	0.803	1	1	6691
Dream11	Virtual Grass Sign - End of Wicket	01:51:37	3	B	2.732	3	1	6697
Gillette	Virtual Grass Sign - End of Wicket - Gillette Venus	01:51:37	3	C	2.381	3	1	6697
Dream11	Virtual Grass Sign - End of Wicket	01:51:47	1	B	4.557	1	1	6707
Gillette	Virtual Grass Sign - End of Wicket - Gillette Venus	01:51:47	1	C	2.915	1	1	6707
KFC	Virtual Grass Sign - End of Wicket	01:51:52	1	E	1.925	1	1	6712
Dream11	Virtual Grass Sign - End of Wicket	01:51:52	4	B	1.714	4	1	6712
Gillette	Virtual Grass Sign - End of Wicket - Gillette Venus	01:51:52	4	C	1.658	4	1	6712
Dream11	Static Board - End of Wicket Signage	01:51:58	1	C	1.007	5	5	6718
Dream11	Virtual Grass Sign - End of Wicket	01:51:57	2	B	1.714	2	1	6717
Gillette	Virtual Grass Sign - End of Wicket - Gillette Venus	01:51:57	2	C	1.658	2	1	6717
GJ Gardner	Static Board	01:51:58	1	B	1.174	2	2	6718
GJ Gardner	Static Board - Homes	01:51:58	1	B	0.792	2	2	6718
KFC	Static Board - End of Wicket Signage	01:51:58	1	B	1.007	1	1	6718
Oral B	Static Board	01:51:58	1	B	1.103	2	2	6718
Dream11	Playing Kit - Shirt Front - Series Logo	01:52:05	2	A	0.457	2	1	6725
Gillette	Playing Kit - Shirt Front - Venus	01:52:05	2	A	0.995	2	1	6725
KFC	Playing Kit - Shirt Front - Series Logo	01:52:05	2	A	0.410	2	1	6725
Dream11	Playing Kit - Arm	01:52:05	3	A	0.805	3	1	6725
Dream11	Virtual Grass Sign - End of Wicket	01:52:11	4	A	0.401	8	2	6731
Gillette	Virtual Grass Sign - End of Wicket - Gillette Venus	01:52:11	4	A	0.371	4	1	6731
GJ Gardner	Static Board	01:52:11	4	A	0.724	8	2	6731
KFC	Virtual Grass Sign - End of Wicket	01:52:11	4	A	0.967	4	1	6731
Gillette	Stumps - Venus	01:52:15	3	A	1.018	12	4	6735
Dream11	Static Board - End of Wicket Signage	01:52:27	1	B	1.007	5	5	6747
Dream11	Virtual Grass Sign - End of Wicket	01:52:22	6	B	1.714	7	1.167	6742
Gillette	Static Board - End of Wicket Signage	01:52:27	1	C	0.639	1	1	6747
Gillette	Virtual Grass Sign - End of Wicket - Gillette Venus	01:52:22	6	C	1.658	6	1	6742
KFC	Static Board - End of Wicket Signage	01:52:27	1	B	1.007	1	1	6747
GJ Gardner	Static Board	01:52:27	2	C	1.265	3	1.500	6747
Dream11	Virtual Grass Sign - End of Wicket	01:52:32	3	B	3.541	3	1	6752
Gillette	Virtual Grass Sign - End of Wicket - Gillette Venus	01:52:32	3	C	3.391	3	1	6752
GJ Gardner	Umpire Jersey Back - Homes	01:52:35	1	A	0.502	1	1	6755
GJ Gardner	Umpire Jersey Front	01:52:36	1	A	0.962	1	1	6756
GJ Gardner	Umpire Jersey Front - Homes	01:52:36	1	D	0.381	1	1	6756
Dream11	Playing Kit - Arm	01:52:38	3	A	0.805	5	1.667	6758
Dream11	Playing Kit - Shirt Front - Series Logo	01:52:40	1	A	0.457	1	1	6760
KFC	Playing Kit - Shirt Front - Series Logo	01:52:40	1	A	0.410	1	1	6760
Dream11	Playing Kit - Arm	01:52:42	1	A	0.805	1	1	6762
Gillette	Playing Kit - Shirt Front - Venus	01:52:35	10	C	0.995	15	1.500	6755
Dream11	Playing Kit - Arm	01:52:48	1	A	0.805	3	3	6768
Dream11	Virtual Grass Sign - End of Wicket	01:52:51	1	B	3.330	1	1	6771
Gillette	Virtual Grass Sign - End of Wicket - Gillette Venus	01:52:51	1	C	3.124	1	1	6771
Dream11	Static Board - End of Wicket Signage	01:52:55	1	B	4.577	4	4	6775
Dream11	Boundary Rope	01:52:56	1	C	0.905	8	8	6776
Ford	Boundary Rope	01:52:56	1	B	0.979	7	7	6776
KFC	Boundary Rope	01:52:56	1	B	0.974	6	6	6776
GJ Gardner	Umpire Jersey Front	01:53:06	2	B	0.962	2	1	6786
GJ Gardner	Umpire Jersey Front - Homes	01:53:06	2	B	0.381	2	1	6786
Dream11	Playing Kit - Arm	01:53:19	2	E	0.805	2	1	6799
Dream11	Playing Kit - Shirt Front - Series Logo	01:53:19	2	A	0.457	2	1	6799
Gillette	Playing Kit - Shirt Front - Venus	01:53:19	2	D	0.995	4	2	6799
KFC	Playing Kit - Shirt Front - Series Logo	01:53:19	2	A	0.410	2	1	6799
Dream11	Playing Kit - Arm	01:53:24	3	D	0.805	6	2	6804
KFC	Playing Kit - Cap	01:53:22	5	A	0.879	5	1	6802
Dream11	Virtual Grass Sign - End of Wicket	01:54:05	4	B	1.714	4	1	6845
Gillette	Virtual Grass Sign - End of Wicket - Gillette Venus	01:54:05	4	C	1.658	4	1	6845
Dream11	Static Board - End of Wicket Signage	01:54:10	5	C	1.007	25	5	6850
Dream11	Virtual Grass Sign - End of Wicket	01:54:10	5	A	1.714	10	2	6850
Gillette	Virtual Grass Sign - End of Wicket - Gillette Venus	01:54:10	5	C	1.658	5	1	6850
GJ Gardner	Static Board	01:54:10	5	B	1.265	10	2	6850
GJ Gardner	Static Board - Homes	01:54:10	5	B	0.792	10	2	6850
KFC	Static Board - End of Wicket Signage	01:54:10	5	C	1.007	5	1	6850
KFC	Virtual Grass Sign - End of Wicket	01:54:10	5	D	2.106	5	1	6850
Oral B	Static Board	01:54:10	5	B	1.103	10	2	6850
Dream11	Playing Kit - Arm	01:54:21	2	A	0.805	2	1	6861
Dream11	Playing Kit - Shirt Front - Series Logo	01:54:21	2	A	0.457	2	1	6861
Gillette	Playing Kit - Shirt Front - Venus	01:54:21	2	A	0.995	2	1	6861
KFC	Playing Kit - Shirt Front - Series Logo	01:54:21	2	A	0.410	2	1	6861
Dream11	Virtual Grass Sign - End of Wicket	01:54:21	6	B	1.714	6	1	6861
Gillette	Virtual Grass Sign - End of Wicket - Gillette Venus	01:54:23	4	C	1.658	4	1	6863
Dream11	Static Board - End of Wicket Signage	01:54:26	2	C	1.007	10	5	6866
Gillette	Static Board - End of Wicket Signage	01:54:27	1	A	0.639	1	1	6867
KFC	Static Board - End of Wicket Signage	01:54:27	1	B	1.007	1	1	6867
GJ Gardner	Static Board	01:54:27	2	A	1.265	4	2	6867
Dream11	Virtual Grass Sign - End of Wicket	01:54:31	2	B	1.714	2	1	6871
Gillette	Virtual Grass Sign - End of Wicket - Gillette Venus	01:54:31	2	C	1.658	2	1	6871
Dream11	Playing Kit - Arm	01:54:33	4	A	0.805	4	1	6873
GJ Gardner	Giant Screen	01:55:11	4	A	0.360	4	1	6911
GJ Gardner	Umpire Jersey Back	01:55:14	1	E	1.223	1	1	6914
GJ Gardner	Umpire Jersey Back - Homes	01:55:14	1	E	0.502	1	1	6914
Gillette	Playing Kit - Shirt Front - Venus	01:55:14	2	D	0.995	2	1	6914
GJ Gardner	Umpire Jersey Front	01:55:15	1	E	0.962	1	1	6915
GJ Gardner	Umpire Jersey Front - Homes	01:55:15	1	A	0.381	1	1	6915
Dream11	Playing Kit - Arm	01:55:15	2	A	0.805	4	2	6915
Dream11	Virtual Grass Sign - End of Wicket	01:55:17	3	C	2.324	3	1	6917
KFC	Virtual Grass Sign - End of Wicket	01:55:17	3	B	3.271	3	1	6917
Dream11	Virtual Grass Sign - End of Wicket	01:55:24	2	C	2.324	2	1	6924
KFC	Virtual Grass Sign - End of Wicket	01:55:24	2	B	3.271	2	1	6924
Dream11	Virtual Grass Sign - End of Wicket	01:55:30	1	B	5.811	1	1	6930
Gillette	Virtual Grass Sign - End of Wicket - Gillette Venus	01:55:30	1	C	3.684	1	1	6930
Dream11	Virtual Grass Sign - End of Wicket	01:55:33	9	B	5.811	9	1	6933
Gillette	Virtual Grass Sign - End of Wicket - Gillette Venus	01:55:33	9	C	3.684	9	1	6933
Dream11	Boundary Rope	01:55:42	1	A	0.905	8	8	6942
Ford	Boundary Rope	01:55:42	1	A	0.979	7	7	6942
KFC	Boundary Rope	01:55:42	1	A	0.974	6	6	6942
Oral B	Static Board	01:55:42	1	B	4.524	2	2	6942
Dream11	Virtual Grass Sign - End of Wicket	01:55:44	3	C	13.084	3	1	6944
KFC	Virtual Grass Sign - End of Wicket	01:55:44	3	B	13.780	3	1	6944
Dream11	Playing Kit - Arm	01:55:47	2	A	0.805	4	2	6947
Dream11	Playing Kit - Shirt Front - Series Logo	01:55:47	2	A	0.457	2	1	6947
Gillette	Playing Kit - Shirt Front - Venus	01:55:47	2	A	0.995	2	1	6947
KFC	Playing Kit - Shirt Front - Series Logo	01:55:47	2	A	0.410	2	1	6947
Dream11	Playing Kit - Shirt Front - Series Logo	01:55:53	1	A	0.457	1	1	6953
Gillette	Playing Kit - Shirt Front - Venus	01:55:53	1	A	0.995	1	1	6953
GJ Gardner	Umpire Jersey Back	01:55:53	1	E	1.223	1	1	6953
GJ Gardner	Umpire Jersey Back - Homes	01:55:53	1	E	0.502	1	1	6953
KFC	Playing Kit - Shirt Front - Series Logo	01:55:53	1	A	0.410	1	1	6953
Dream11	Virtual Grass Sign - End of Wicket	01:55:58	2	B	6.464	2	1	6958
Gillette	Virtual Grass Sign - End of Wicket - Gillette Venus	01:55:58	2	C	3.440	2	1	6958
Dream11	Boundary Rope	01:56:03	3	C	0.905	24	8	6963
Ford	Boundary Rope	01:56:03	3	C	0.979	21	7	6963
KFC	Boundary Rope	01:56:03	3	B	0.974	18	6	6963
Gillette	Playing Kit - Shirt Front - Venus	01:56:18	1	D	0.995	1	1	6978
Dream11	Playing Kit - Arm	01:56:20	2	A	0.805	2	1	6980
Dream11	Playing Kit - Shirt Front - Series Logo	01:56:20	2	A	0.457	2	1	6980
Gillette	Playing Kit - Shirt Front - Venus	01:56:20	2	A	0.995	2	1	6980
GJ Gardner	Umpire Jersey Front	01:56:19	3	A	0.962	3	1	6979
GJ Gardner	Umpire Jersey Front - Homes	01:56:19	3	A	0.381	3	1	6979
KFC	Playing Kit - Shirt Front - Series Logo	01:56:20	2	A	0.410	2	1	6980
Dream11	Virtual Grass Sign - End of Wicket	01:56:22	4	C	15.545	4	1	6982
KFC	Virtual Grass Sign - End of Wicket	01:56:22	4	B	6.296	4	1	6982
Dream11	Playing Kit - Arm	01:56:32	4	A	0.805	6	1.500	6992
Gillette	Playing Kit - Shirt Front - Venus	01:56:34	2	E	0.995	2	1	6994
Dream11	Playing Kit - Shirt Front - Series Logo	01:56:33	6	A	0.457	6	1	6993
KFC	Playing Kit - Shirt Front - Series Logo	01:56:33	6	A	0.410	6	1	6993
Dream11	Virtual Grass Sign - End of Wicket	01:56:39	7	B	4.632	7	1	6999
Gillette	Virtual Grass Sign - End of Wicket - Gillette Venus	01:56:39	7	C	1.658	7	1	6999
Ford	Boundary Rope	01:57:06	2	E	0.979	8	4	7026
		01:57:12	2	C	0.000	0	0	7032
Dream11	Boundary Rope	01:57:06	10	D	0.905	44	4.400	7026
Ford	Boundary Rope	01:57:09	7	C	0.979	31	4.429	7029
KFC	Boundary Rope	01:57:09	7	A	0.974	24	3.429	7029
Gillette	Playing Kit - Shirt Front - Venus	01:57:26	6	D	2.432	6	1	7046
GJ Gardner	Umpire Jersey Front	01:57:23	9	E	0.962	9	1	7043
GJ Gardner	Umpire Jersey Front - Homes	01:57:23	9	E	0.381	9	1	7043
Dream11	Playing Kit - Arm	01:57:43	2	A	0.805	4	2	7063
Dream11	Playing Kit - Shirt Front - Series Logo	01:57:43	2	A	0.457	2	1	7063
Gillette	Playing Kit - Shirt Front - Venus	01:57:43	2	A	2.432	2	1	7063
GJ Gardner	Umpire Jersey Front	01:57:43	2	E	0.962	2	1	7063
GJ Gardner	Umpire Jersey Front - Homes	01:57:43	2	E	0.381	2	1	7063
KFC	Playing Kit - Shirt Front - Series Logo	01:57:43	2	A	0.410	2	1	7063
Dream11	Virtual Grass Sign - End of Wicket	01:57:45	3	B	4.557	3	1	7065
Gillette	Virtual Grass Sign - End of Wicket - Gillette Venus	01:57:45	3	C	3.570	3	1	7065
Dream11	Virtual Grass Sign - End of Wicket	01:57:53	2	C	4.339	2	1	7073
KFC	Virtual Grass Sign - End of Wicket	01:57:53	2	B	3.004	2	1	7073
Dream11	Playing Kit - Arm	01:58:03	1	E	0.805	2	2	7083
Dream11	Playing Kit - Shirt Front - Series Logo	01:58:03	1	A	0.457	1	1	7083
KFC	Playing Kit - Shirt Front - Series Logo	01:58:03	1	E	0.410	1	1	7083
Dream11	Virtual Grass Sign - End of Wicket	01:58:04	5	C	2.423	5	1	7084
KFC	Virtual Grass Sign - End of Wicket	01:58:04	5	B	5.046	5	1	7084
Gillette	Playing Kit - Shirt Front - Venus	01:58:14	4	A	0.995	4	1	7094
KFC	Playing Kit - Shirt Front - Series Logo	01:58:14	4	A	0.410	4	1	7094
Dream11	Playing Kit - Arm	01:58:14	12	A	0.805	12	1	7094
Dream11	Playing Kit - Shirt Front - Series Logo	01:58:14	12	A	0.457	12	1	7094
Gillette	Playing Kit - Shirt Front - Venus	01:58:26	1	C	0.995	2	2	7106
GJ Gardner	Umpire Jersey Back	01:58:27	2	B	1.223	2	1	7107
GJ Gardner	Umpire Jersey Back - Homes	01:58:27	2	B	0.502	2	1	7107
Dream11	Playing Kit - Arm	01:58:28	2	A	0.805	2	1	7108
Dream11	Playing Kit - Arm	01:58:31	2	A	0.805	2	1	7111
Oral B	Static Board	01:58:39	4	E	5.491	4	1	7119
Dream11	Playing Kit - Shirt Front - Series Logo	01:58:43	11	A	0.457	11	1	7123
Gillette	Playing Kit - Shirt Front - Venus	01:58:43	11	A	0.995	11	1	7123
KFC	Playing Kit - Shirt Front - Series Logo	01:58:43	11	A	0.410	11	1	7123
		01:59:07	1	A	0.000	0	0	7147
Dream11	Static Board - End of Wicket Signage	01:59:08	4	C	1.007	20	5	7148
Dream11	Virtual Grass Sign - End of Wicket	01:59:06	6	B	2.161	6	1	7146
Gillette	Static Board - End of Wicket Signage	01:59:08	4	C	0.639	4	1	7148
Gillette	Virtual Grass Sign - End of Wicket - Gillette Venus	01:59:06	6	C	2.972	6	1	7146
KFC	Static Board - End of Wicket Signage	01:59:08	4	C	1.007	4	1	7148
Gillette	Playing Kit - Shirt Front - Venus	01:59:21	1	A	0.995	1	1	7161
Dream11	Virtual Grass Sign - End of Wicket	01:59:26	2	B	6.336	2	1	7166
Gillette	Virtual Grass Sign - End of Wicket - Gillette Venus	01:59:26	2	C	5.871	2	1	7166
Dream11	Static Board - End of Wicket Signage	01:59:31	2	B	1.007	10	5	7171
Dream11	Virtual Grass Sign - End of Wicket	01:59:29	4	B	6.336	4	1	7169
Gillette	Virtual Grass Sign - End of Wicket - Gillette Venus	01:59:29	4	C	5.492	4	1	7169
KFC	Static Board - End of Wicket Signage	01:59:31	2	B	0.761	2	1	7171
Oral B	Static Board	01:59:31	2	B	0.817	2	1	7171
Gillette	Playing Kit - Shirt Front - Venus	01:59:36	3	A	0.995	3	1	7176
Dream11	Static Board - End of Wicket Signage	01:59:45	8	B	0.979	40	5	7185
Dream11	Virtual Grass Sign - End of Wicket	01:59:45	8	C	1.714	8	1	7185
Gillette	Virtual Grass Sign - End of Wicket - Gillette Venus	01:59:45	8	C	1.658	8	1	7185
GJ Gardner	Static Board	01:59:46	7	B	1.265	14	2	7186
KFC	Static Board - End of Wicket Signage	01:59:45	8	B	1.007	8	1	7185
KFC	Virtual Grass Sign - End of Wicket	01:59:48	5	D	2.106	5	1	7188
Oral B	Static Board	01:59:45	8	B	0.826	8	1	7185
Dream11	Playing Kit - Arm	01:59:53	6	E	0.805	6	1	7193
Dream11	Playing Kit - Shirt Front - Series Logo	01:59:53	6	A	0.457	6	1	7193
Gillette	Playing Kit - Shirt Front - Venus	01:59:53	6	A	0.995	6	1	7193
KFC	Playing Kit - Shirt Front - Series Logo	01:59:53	6	A	0.410	6	1	7193
GJ Gardner	Static Board	02:00:02	5	B	0.803	10	2	7202
KFC	Virtual Grass Sign - End of Wicket	02:00:02	5	A	0.967	5	1	7202
Oral B	Static Board	02:00:02	5	A	0.620	5	1	7202
Dream11	Static Board - End of Wicket Signage	02:00:12	2	B	1.007	12	6	7212
Dream11	Virtual Grass Sign - End of Wicket	02:00:02	12	A	1.714	17	1.417	7202
Gillette	Static Board - End of Wicket Signage	02:00:12	2	C	0.639	2	1	7212
Gillette	Virtual Grass Sign - End of Wicket - Gillette Venus	02:00:02	12	A	1.658	12	1	7202
KFC	Static Board - End of Wicket Signage	02:00:12	2	C	1.007	2	1	7212
Dream11	Playing Kit - Arm	02:00:21	5	A	0.805	5	1	7221
Dream11	Playing Kit - Shirt Front - Series Logo	02:00:21	5	A	0.457	5	1	7221
Gillette	Playing Kit - Shirt Front - Venus	02:00:21	5	A	0.995	5	1	7221
KFC	Playing Kit - Shirt Front - Series Logo	02:00:21	5	A	0.410	5	1	7221
